"FIPS","IDC_loss","IDC_econ_loss","IDC_job_loss","grant_funds","grant_funds_econ","overlap_loss","overlap_econ_loss","overlap_job_loss","overlap_loss_noself","overlap_econ_loss_noself","overlap_job_loss_noself","terminated_econ_loss"
"01073",45997353,110853601.970097,432.56561676,342052125,824207145.624945,758555.8,1826876.82676834,7.13042452,0,0,0,39510454.0815067
"01081",1697045.35,4087099.22709703,15.95222629,9492887,22862306.60873,0,0,0,0,0,0,478217.15947147
"01087",1277915.15,3077682.05596897,12.01240241,6699741,16135400.4257165,0,0,0,0,0,0,NA
"01089",999496.45,2407149.08902182,9.39526663,4658448,11219228.3018669,0,0,0,0,0,0,NA
"01097",1563310.65,3765017.68165922,14.69512011,7748166,18660387.1664475,0,0,0,0,0,0,NA
"01101",18154,43721.4004733105,0.1706476,539554,1299441.25322114,0,0,0,0,0,0,635129.157104917
"01117",155620.15,374789.627622929,1.46282941,1217315,2931734.96844596,0,0,0,0,0,0,NA
"01125",1384277.8,3333841.80126216,13.01221132,10522178,25341211.7544044,0,0,0,0,0,0,93525.8653142256
"02020",61224.5,257722.050675676,0.49591845,7729836,32538431.2702703,0,0,0,0,0,0,41379.1127702703
"02050",0,0,0,374748,1577486.51351351,0,0,0,0,0,0,NA
"02090",1142915.35,4811055.83141892,9.257614335,6269752,26392266.8648649,0,0,0,0,0,0,1250471.54040541
"02220",59828.65,251846.276689189,0.484612065,597625,2515678.20945946,0,0,0,0,0,0,NA
"04001",0,0,0,1501977,4493730.06638655,0,0,0,0,0,0,NA
"04005",1860427.35,5566169.33483193,19.162401705,12520314,37459236.3680672,0,0,0,0,0,0,NA
"04013",22223715,66490616.2226891,228.9042645,142851488,427394045.75014,20422.75,61102.3509103641,0.210354325,0,0,0,2433178.26384594
"04017",0,0,0,772802,2312128.33669468,0,0,0,0,0,0,NA
"04019",27289740.45,81667343.1850227,281.180561415,183550526,549944493.387823,58879.7,176160.805518207,0.60646091,0,0,0,2030055.69257703
"04023",0,0,0,375000,1121953.7815126,0,0,0,0,0,0,NA
"04027",0,0,0,375000,1121953.7815126,0,0,0,0,0,0,0
"05019",0,0,0,155244,418260.694214876,0,0,0,0,0,0,NA
"05031",93166,251009.223140496,0.8664438,2277783,6136836.8429752,0,0,0,0,0,0,NA
"05119",14837984.65,39976718.9743802,137.993257245,92314781,248715856.247934,195838.75,527631.673553719,1.821300375,0,0,0,10397322.1676033
"05143",2137062.3,5757705.03966942,19.87467939,15527900,41835499.1735537,0,0,0,0,0,0,626769.270413223
"06001",51555359.8,138162362.575441,469.10133307,350954972,940620597.349594,234235.05,628106.986593155,2.131538955,0,0,0,2985090.61416164
"06013",578204.6,1550469.70528237,5.26166186,7886017,21014501.8086948,0,0,0,0,0,0,NA
"06017",0,0,0,1162260,3116628.47314166,0,0,0,0,0,0,NA
"06019",127426,341695.919861777,1.1595766,1494719,4008125.37190115,0,0,0,0,0,0,NA
"06023",32500,87149.5408747646,0.29575,147500,395524.839354701,0,0,0,0,0,0,NA
"06029",0,0,0,269682,723158.845605793,0,0,0,0,0,0,NA
"06037",217302618.05,582632367.834601,1977.095334995,1305244823,3499654369.35167,926551.95,2484571.60120363,8.431622745,0,0,0,42971129.0888828
"06041",7747873.3,20776110.7954107,70.50564703,24941903,66882319.8459358,0,0,0,0,0,0,NA
"06047",1350074.85,3620258.56381744,12.285681135,6874354,18433747.5357108,0,0,0,0,0,0,NA
"06053",0,0,0,573456,1537736.21882705,0,0,0,0,0,0,NA
"06055",157437.1,422171.414820135,1.43267761,850595,2280891.19139601,0,0,0,0,0,0,NA
"06059",45141386.9,120984545.020293,410.82169937,293924184,787786802.768296,0,0,0,0,0,0,247.477880840985
"06065",7716213.6,20691214.5394343,70.21754376,42590369,114189564.650499,0,0,0,0,0,0,NA
"06067",367271.4,984847.196505601,3.34216974,2875798,7711522.31841742,0,0,0,0,0,0,NA
"06071",2002007.1,5368430.75670828,18.21826461,9976110,26751181.7297276,0,0,0,0,0,0,0
"06073",211412619.35,566908083.430273,1923.854836085,1031470878,2765914259.79663,10537.4,28256.2945234998,0.09589034,0,0,0,9317032.2145499
"06075",155575392.95,417468292.703555,1416.789093425,951280892,2558034295.59825,0,0,0,0,0,0,2584964.62764691
"06077",105863.3,283875.015091922,0.96335603,1584969,4250132.94309953,0,0,0,0,0,0,972827.34412145
"06079",69724.1,186966.870858652,0.63448931,1857048,4979719.40253538,0,0,0,0,0,0,NA
"06081",6572006.1,17722635.6130531,60.38778751,67542190,182239234.622809,154974.7,415568.429298596,1.41026977,0,0,0,545942.774869834
"06083",4279587.85,11475818.9618683,38.944249435,29707377,79661054.3428782,0,0,0,0,0,0,NA
"06085",117997388.25,316371202.524848,1074.132807325,658262963,1764806526.43384,455843.7,1222355.97432781,4.14817767,0,0,0,18453549.7273258
"06087",7434658.9,19936218.759861,67.65539599,49113903,131700126.062084,0,0,0,0,0,0,NA
"06095",64838,173864.674807323,0.5900258,307718,825153.305196948,0,0,0,0,0,0,NA
"06097",32900,88222.1506086079,0.29939,147900,396597.449088544,0,0,0,0,0,0,NA
"06111",215939.05,579045.817367164,1.965045355,2298371,6163137.76645765,0,0,0,0,0,0,NA
"06113",52408462.1,140534566.460539,476.91700511,282693156,757735148.827685,0,0,0,0,0,0,NA
"08001",57172576.75,160482656.332481,571.7257675,355155231,996915971.279111,0,0,0,0,0,0,NA
"08005",0,0,0,1024738,2876425.82568807,0,0,0,0,0,0,NA
"08013",12337771.5,34700556.4494395,123.48901992,70953586,199549908.948153,0,0,0,0,0,0,NA
"08014",204387.5,573712.971947777,2.043875,1567654,4400383.75793931,0,0,0,0,0,0,NA
"08031",7794287.1,21878459.3791461,77.942871,38244855,107352795.174665,0,0,0,0,0,0,646932.122459421
"08035",28127.35,78953.0943013409,0.2812735,1617900,4541423.6062103,0,0,0,0,0,0,NA
"08037",222585.45,624794.373588567,2.2258545,885557,2485746.62491179,0,0,0,0,0,0,NA
"08041",69592.55,195345.354710656,0.6959255,677072,1900532.02540579,0,0,0,0,0,0,NA
"08049",0,0,0,359300,1008550.28228652,0,0,0,0,0,0,NA
"08059",1029001.3,2888392.85162315,10.290013,7080570,19875065.0494001,0,0,0,0,0,0,NA
"08067",30000,84209.5977417078,0.3,501969,1409020.25229358,0,0,0,0,0,0,NA
"08069",7999495.15,22379069.9920309,79.766928545,56339575,157626641.247984,0,0,0,0,0,0,NA
"08123",130400.7,366033.016407904,1.304007,791906,2222869.5236415,0,0,0,0,0,0,NA
"09110",21534486.45,48858402.014243,165.815545665,106385406,241371947.590441,60271.55,136746.777164103,0.464090935,0,0,0,6472500.14792805
"09120",654882.15,1485825.79068895,5.042592555,4868081,11044918.9994915,0,0,0,0,0,0,NA
"09130",353530,802104.610397864,2.722181,3162620,7175493.12063048,0,0,0,0,0,0,NA
"09140",130875,296935.029236049,1.0077375,732900,1662836.16372188,0,0,0,0,0,0,NA
"09150",0,0,0,892724,2025451.97356044,0,0,0,0,0,0,NA
"09170",144551935.9,327965870.583335,1113.04990643,687541682,1559925191.56197,744480.6,1689110.74480742,5.73250062,0,0,0,25616535.0576141
"09190",266638.45,604961.191566035,2.053116065,3853776,8743618.63785433,0,0,0,0,0,0,NA
"10001",1310935.05,3133764.34387356,7.34133579,13592555,32587581.5367881,0,0,0,0,0,0,NA
"10003",10445130.25,24968835.1690476,58.4927294,66824299,159926910.24748,0,0,0,0,0,0,NA
"10005",23598.05,56410.5766666667,0.13214908,2554032,6105352.68571429,0,0,0,0,0,0,NA
"11001",31310885.9,626232.545260844,1.96151146,225943987,6679343.98652812,238083.25,0,0,0,0,0,0
"12001",50094209.65,162181857.755767,575.871381355,284482559,920735018.454296,402351.35,1303140.71773266,4.627040525,0,0,0,18244467.238416
"12009",169990.7,550568.061486253,1.95489305,824458,2670265.15472219,0,0,0,0,0,0,NA
"12011",874949.25,2666774.27044912,9.507811065,7348027,22863558.5754215,0,0,0,0,0,0,0
"12031",8194353.8,26539978.2858622,94.2350687,70955064,229810172.198321,29129.2,94344.0269182101,0.3349858,0,0,0,4279216.88016795
"12033",236073,764596.263085241,2.7148395,2147737,6956118.16806626,0,0,0,0,0,0,0
"12057",27269124.8,88319591.4809617,313.5949352,206150519,667682947.480156,0,0,0,0,0,0,9026263.91876797
"12071",186886.45,605290.233492465,2.149194175,2973151,9629479.6278615,0,0,0,0,0,0,NA
"12073",9876138.95,31986965.6202979,113.575597925,75051650,241965889.990173,85577.6,277169.829518003,0.9841424,0,0,0,5697596.27524445
"12081",515166.7,1668528.5216266,5.92441705,1735020,5619405.05004026,0,0,0,0,0,0,NA
"12085",0,0,0,36000,116597.26216496,0,0,0,0,0,0,NA
"12086",35059177,113531256.193414,403.21371674,245889136,795338539.286919,491436.45,1591670.68327965,5.651519175,0,0,0,12475460.0954791
"12095",3270137.3,10591362.6689865,37.60657895,25525897,82673404.2482601,130045.6,421193.358794432,1.4955244,0,0,0,2081848.97417462
"12099",3595059.75,11643725.6713735,41.343187125,18884581,61163623.3814563,0,0,0,0,0,0,NA
"12105",0,0,0,480513,1556291.67318532,0,0,0,0,0,0,NA
"12117",0,0,0,295766,957930.717818935,0,0,0,0,0,0,NA
"13021",167580.4,486665.982168859,1.97744872,1458053,4234294.67467109,0,0,0,0,0,0,NA
"13031",65859,191259.448716311,0.7771362,353359,1026180.89462256,0,0,0,0,0,0,NA
"13059",11076572.6,32167193.0813131,130.70355668,66888246,194248455.876357,110250,320174.22403883,1.30095,0,0,0,7715093.10197471
"13067",356558.05,1035471.17445395,4.20738499,7159136,20790664.975859,0,0,0,0,0,0,958881.869970622
"13073",57249.3,166256.237680419,0.67554174,320597,931037.602758973,0,0,0,0,0,0,NA
"13089",82703043.9,240175808.674211,975.89591802,489962508,1422887671.71899,1499192.5,4353766.85144974,17.6904715,0,0,0,20651988.2699502
"13095",16616,48254.1034614893,0.1960688,131616,382222.681823988,0,0,0,0,0,0,NA
"13121",18153660.9,52719585.4160685,214.21319862,126547927,367504619.781837,591603.85,1718061.71076766,6.98092543,0,0,0,22722692.0781709
"13245",15597092.4,45295119.7862307,184.04569032,73525247,213522801.86384,0,0,0,0,0,0,10618244.6072806
"15001",78941.55,219958.799554896,0.734156415,516129,1438116.115727,0,0,0,0,0,0,NA
"15003",11686578.1,32562898.6228487,108.68517633,68390985,190561231.20178,0,0,0,0,0,0,NA
"16001",1032336.3,4924463.79702128,9.60072759,6588689,31429448.3787234,0,0,0,0,0,0,NA
"16005",171546.5,818313.304255319,1.59538245,1509009,7198293.99574468,0,0,0,0,0,0,NA
"16027",0,0,0,321177,1532082.62553191,0,0,0,0,0,0,NA
"16057",1708445.5,8149648.53404255,15.88854315,14685982,70055258.8170213,0,0,0,0,0,0,0
"16069",25000,119255.319148936,0.2325,168750,804973.404255319,0,0,0,0,0,0,NA
"17019",15792093.15,44972731.0453776,159.500140815,83016723,236415066.722654,0,0,0,0,0,0,96218.1519595389
"17029",10211,29078.8910844507,0.1031311,355211,1011570.06963068,0,0,0,0,0,0,NA
"17031",204932546.65,583552481.450608,2069.70977889,1160936614,3305416985.84604,16822750.3,47907837.0105387,169.90977803,0,0,0,3281193801.99762
"17037",122960.6,350167.26031522,1.24190206,658718,1875897.46130322,0,0,0,0,0,0,NA
"17043",417357.55,1192305.58295334,4.32873313,4120713,11755994.0159666,0,0,0,0,0,0,NA
"17077",62700.3,178557.946788991,0.63327303,861954,2454673.04728299,0,0,0,0,0,0,NA
"17097",2227648.8,6343899.40550459,22.49925288,10631752,30277108.8478005,0,0,0,0,0,0,NA
"17113",304004.65,865744.599600094,3.070446965,3018414,8595840.95130558,0,0,0,0,0,0,NA
"17115",36772.55,104720.886920725,0.371402755,3610470,10281898.3345095,0,0,0,0,0,0,NA
"17119",63522,180897.984474241,0.6415722,581411,1655742.5466949,0,0,0,0,0,0,309578.613225123
"17137",131483.8,374439.633686191,1.32798638,971522,2766700.8543872,0,0,0,0,0,0,NA
"17167",395080.6,1125110.7371442,3.99031406,2925687,8331772.95271701,0,0,0,0,0,0,NA
"17197",0,0,0,1131842,3223260.23335686,0,0,0,0,0,0,NA
"18011",99927.6,268956.679156449,0.97929048,781712,2103989.92447278,0,0,0,0,0,0,NA
"18035",217243.5,584714.236390387,2.1289863,2790888,7511718.16772928,0,0,0,0,0,0,NA
"18085",184257.9,495932.98440412,1.80572742,1031847,2777232.14124571,0,0,0,0,0,0,NA
"18089",30152.85,81156.861598823,0.29549793,649406,1747886.28151054,0,0,0,0,0,0,NA
"18097",47335273.85,127403620.838058,463.88568373,263157346,708276356.371741,295311.65,794835.868170672,2.89405417,0,0,0,8753151.43446788
"18105",9761998.25,26274569.1005395,95.66758285,48829300,131603837.919507,0,0,0,0,0,0,0
"18127",31054,83582.3207454635,0.3043292,318554,857393.012260912,0,0,0,0,0,0,NA
"18141",4709077.8,12674555.6480628,46.14896244,28186758,75865094.6071604,214079.05,576197.070328592,2.09797469,0,0,0,414899.717194703
"18157",12824411.5,34517101.6733693,125.6792327,70092817,188655899.801864,40622.3,109335.548013732,0.39809854,0,0,0,2131744.42805297
"18167",0,0,0,250000,672878.862187347,0,0,0,0,0,0,NA
"19103",35981257.45,85715440.6604737,291.450984595,188252193,448536418.910042,162505.15,387122.717552704,1.316291715,0,0,0,4731160.59245646
"19153",110368.2,262921.129055912,0.89398242,1790574,4265537.87901008,0,0,0,0,0,0,NA
"19163",0,0,0,480377,1144362.80751604,0,0,0,0,0,0,NA
"19169",3365814.95,8018105.45834097,27.263101095,20069352,47809574.5627864,0,0,0,0,0,0,NA
"20045",3850648.5,10799331.1876333,32.3454474,25140144,70506757.7995736,0,0,0,0,0,0,711913.0045629
"20051",4603,12909.3375977257,0.0386652,119603,335432.436389481,0,0,0,0,0,0,NA
"20091",17126130.05,48031065.5133618,143.85949242,99970480,280372078.237385,38560,108143.397299218,0.323904,0,0,0,1048962.90831557
"20161",2042093.35,5727150.21968728,17.15358414,11836050,33194778.4648188,0,0,0,0,0,0,NA
"20173",22232,62350.7263681592,0.1867488,2303495,6460263.8734897,0,0,0,0,0,0,NA
"20209",25140,70506.3539445629,0.211176,266065,746192.245913291,0,0,0,0,0,0,NA
"21037",136985.2,355376.739461308,1.21916828,806000,2090982.47114151,0,0,0,0,0,0,NA
"21067",28400142.6,73625181.5084368,252.44277338,155959652,404307686.622167,365806.35,949000.825908508,3.255676515,0,0,0,8786736.47628901
"21093",0,0,0,752535,1952279.76913211,0,0,0,0,0,0,NA
"21111",14430599.55,37436886.7333903,128.432335995,75696654,195894578.462859,110614.45,286963.866011116,0.984468605,0,0,0,7609380.77778538
"21113",141331.1,366651.182043608,1.25784679,993603,2577675.50406156,0,0,0,0,0,0,NA
"21185",332733.5,863200.888413852,2.96132815,1808287,4691186.62505344,0,0,0,0,0,0,NA
"21195",83447.6,216485.693373236,0.74268364,428397,1111377.93758016,0,0,0,0,0,0,NA
"21227",89662.5,232608.828559213,0.79799625,555756,1441781.70500214,6565.2,17031.9083368961,0.05843028,0,0,0,711268.701154339
"22017",2936576.95,8068100.11080007,30.82304064,16098347,44219571.9159513,0,0,0,0,0,0,NA
"22033",6719456.55,18463400.2504969,70.554293775,52002848,142890930.188358,182068.1,500277.987979177,1.91171505,0,0,0,2075822.39486985
"22055",145875.9,400830.797633696,1.53169695,1344783,3695130.19309039,0,0,0,0,0,0,NA
"22061",0,0,0,295680,812455.31471841,0,0,0,0,0,0,NA
"22071",21168252.65,58165108.7959773,222.266652825,136757348,375467649.314528,129676.05,356317.627212494,1.361598525,0,0,0,15173040.9665594
"22073",15000,41216.2801703739,0.1575,72500,199212.020823474,0,0,0,0,0,0,NA
"23001",39265.95,90110.3211538461,0.37695312,248758,570867.717948718,0,0,0,0,0,0,NA
"23005",3700945.2,8493194.75384615,35.52907392,19538254,44837788.025641,0,0,0,0,0,0,NA
"23009",21734100.15,49876973.4211538,208.64736144,90323586,207281049.923077,0,0,0,0,0,0,712609.372820513
"23015",69789.1,160157.037179487,0.66997536,862744,1979886.87179487,0,0,0,0,0,0,NA
"23019",565573.45,1297918.55833333,5.42950512,8093716,18574040.5641026,0,0,0,0,0,0,NA
"23031",877184.4,2013025.73846154,8.42097024,7007752,16081892.4102564,0,0,0,0,0,0,NA
"24003",0,0,0,1650395,4522390.38630589,0,0,0,0,0,0,NA
"24005",1453110.7,3168989.41359319,12.78737416,21589020,47082012.285679,0,0,0,0,0,0,NA
"24021",233988.6,510289.681509806,2.05909968,2987685,6515637.20241766,0,0,0,0,0,0,NA
"24027",1398073.7,3048962.99691625,12.30304856,11637822,25380127.4158135,0,0,0,0,0,0,NA
"24031",7533511.35,16549510.6527802,66.007617305,215383486,469858174.870591,0,0,0,0,0,0,162103.072011842
"24033",10492615.45,22882625.0346614,92.33501596,65578355,143015334.451708,0,0,0,0,0,0,NA
"24039",99117,216157.463920069,0.8722296,501617,1093942.09448625,0,0,0,0,0,0,NA
"24045",0,0,0,1806120,3938843.17256692,0,0,0,0,0,0,NA
"24510",193515238.05,422024103.703466,1702.93409484,1129761438,2463819196.23042,261561.15,570420.763784384,2.30173812,0,0,0,25084452.2164056
"25001",1354891.25,3040514.16484763,11.11010825,6853365,15379650.1079854,0,0,0,0,0,0,NA
"25005",247703.55,555872.032133977,2.03116911,2410962,5410444.64779692,0,0,0,0,0,0,NA
"25009",628142,1409614.71891986,5.1507644,4742123,10641807.7118365,0,0,0,0,0,0,NA
"25013",756553.1,1697782.32534116,6.20373542,5001984,11224962.3018388,0,0,0,0,0,0,NA
"25015",7929717.1,17795094.0090465,65.02368022,42473849,95441646.9614171,0,0,0,0,0,0,550608.98459379
"25017",91471363.75,205367747.946857,748.4191947,627563916,1408828333.83735,436822.65,980274.582813403,3.58194573,0,0,0,40023867.162934
"25021",3961998.7,8901150.49548864,32.38411858,30046184,67544775.8709518,0,0,0,0,0,0,NA
"25023",55774,149559.338238434,0.5075434,755787,1898031.50850265,0,0,0,0,0,0,NA
"25025",457739063.75,1027213148.75712,3753.46032275,2477003664,5558648878.10848,2127391.5,4774083.52140916,17.4446103,0,0,0,184175397.375916
"25027",42955055.85,96395526.7729024,352.23145797,205829758,461902971.730138,62780.5,140885.845654562,0.5148001,0,0,0,1660596.4780207
"26005",35314.1,89518.1916641975,0.353141,957966,2428361.02281481,0,0,0,0,0,0,NA
"26049",123000,311794.37037037,1.23,468000,1186339.55555556,0,0,0,0,0,0,NA
"26061",791030.25,2005193.32311111,7.9103025,4318989,10948263.869037,0,0,0,0,0,0,NA
"26065",19625064.15,49767082.2946555,196.13252874,113783952,288540232.60778,145098.35,367811.77788642,1.4509835,0,0,0,1960409.7907121
"26073",254724.7,645705.101254321,2.547247,1903950,4826348.71111111,0,0,0,0,0,0,781919.442962963
"26077",636008.75,1612227.21753086,6.3600875,3547893,8993602.14696296,0,0,0,0,0,0,NA
"26081",8632809.65,21883426.4174716,86.3280965,27561476,69865959.8040494,0,0,0,0,0,0,NA
"26099",0,0,0,375000,950592.592592593,0,0,0,0,0,0,NA
"26103",0,0,0,671109,1701203.31792593,0,0,0,0,0,0,NA
"26121",15773.35,39984.0791209876,0.1577335,375000,950592.592592593,0,0,0,0,0,0,0
"26125",1589645.7,4029614.47271111,15.896457,9099718,23066998.7346173,0,0,0,0,0,0,NA
"26139",43626.9,110590.421274074,0.436269,387263,981678.237827161,0,0,0,0,0,0,NA
"26149",25528.3,64712.0343506173,0.255283,516875,1310233.45679012,0,0,0,0,0,0,NA
"26155",27891.4,70702.2886320988,0.278914,168150,426245.718518518,0,0,0,0,0,0,NA
"26161",132939837.95,336991000.575279,1329.3983795,765154530,1939600609.08444,291001.15,737662.767002469,2.9100115,0,0,0,42871789.5776059
"26163",15164210.45,38440247.4414831,151.636833355,87207127,221085031.699171,17080.6,43297.8448987654,0.170806,0,0,0,2613969.11890173
"27017",0,0,0,786246,1939340.8397651,0,0,0,0,0,0,NA
"27053",72231433.4,178164809.369323,657.30604394,429404281,1059161202.61759,151222.05,373001.703586409,1.376120655,0,0,0,6023183.0821071
"27109",57546312.7,141951663.593909,523.67144557,284997910,703185017.88517,29193.45,72008.0608850671,0.265660395,0,0,0,4081691.87547959
"27123",885769.8,2184824.53045302,8.06050518,10393575,25706047.1326869,0,0,0,0,0,0,1366038.60473574
"27137",297789.2,734521.711017897,2.70988172,1435498,3540774.6389821,0,0,0,0,0,0,NA
"27163",97208.4,239772.564932886,0.88459644,1828055,4509048.97301454,0,0,0,0,0,0,NA
"27171",19170.85,47286.4883738814,0.174454735,397361,980123.797678971,0,0,0,0,0,0,NA
"28035",327233.2,1001837.02769231,2.97782212,4852054,14854749.9384615,0,0,0,0,0,0,NA
"28049",6792059.15,20794150.3207692,61.807738265,39939306,122275721.446154,147142.25,450481.657692308,1.338994475,0,0,0,1114249.46415385
"28071",1094194.7,3349919.15846154,9.95717177,8722398,26703956.9538462,53380,163424.923076923,0.485758,0,0,0,906160.705538461
"28089",23397.85,71633.4176923077,0.212920435,8375000,25640384.6153846,0,0,0,0,0,0,NA
"28105",505820,1548587.38461538,4.602962,2845296,8710983.13846154,0,0,0,0,0,0,NA
"28151",77506.6,237289.436923077,0.70531006,374616,1146901.29230769,0,0,0,0,0,0,73056.6963076923
"29019",14193345.65,33480931.1539707,126.320776285,72167235,170236552.127329,100211.35,236390.305212955,0.891881015,0,0,0,13037773.3338421
"29077",82500,194610.692102928,0.73425,1722079,4062242.25510204,0,0,0,0,0,0,NA
"29095",4912219.95,11587521.5058341,43.718757555,27340621,64494268.7919255,0,0,0,0,0,0,NA
"29161",90462.05,213392.511024845,0.805112245,956200,2255596.89440994,0,0,0,0,0,0,NA
"29189",118313093.55,279090824.492169,1052.986532595,746474055,1761511554.92877,518512.1,1223127.25629991,4.61475769,0,0,0,41714087.1946229
"29510",6507056.75,15388475.4396613,57.936899745,38290117,90548502.684264,0,0,0,0,0,0,NA
"30005",0,0,0,633784,1664653.07755102,0,0,0,0,0,0,NA
"30013",1114041.85,2926065.02234694,10.360589205,3628886,9531380.16734694,0,0,0,0,0,0,NA
"30031",1540090.3,4045094.31857143,14.32283979,16783412,44082145.3959184,16617.5,43646.3724489796,0.15454275,0,0,0,36884.3693877551
"30035",0,0,0,533007,1399959.20204082,0,0,0,0,0,0,NA
"30047",0,0,0,97137,255133.304081633,0,0,0,0,0,0,NA
"30049",0,0,0,447881,1176373.15714286,0,0,0,0,0,0,NA
"30063",2210540.7,5806052.81816326,20.55802851,14098721,37030722.3,45738.2,120132.78244898,0.42536526,0,0,0,160.848734693878
"30111",0,0,0,1520751,3994299.05510204,0,0,0,0,0,0,NA
"31019",49857,128691.338674436,0.4636701,394857,1019208.45447924,0,0,0,0,0,0,NA
"31055",22008652.9,56835462.1901361,204.62758162,119979477,309898564.217387,334869.25,864367.532410779,3.114284025,0,0,0,3667894.54887108
"31109",4253589.15,10979402.7294974,39.558379095,20309706,52423596.5506191,128339.6,331271.334595776,1.19355828,0,0,0,2351412.84480699
"32003",1435517.8,8740415.71804281,12.2019013,9564533,58235428.7553517,0,0,0,0,0,0,NA
"32031",3134387.1,19084295.7678899,26.64229035,23521074,143212410.807339,0,0,0,0,0,0,NA
"33005",69785,170708.912878788,0.502452,1096985,2683458.00378788,0,0,0,0,0,0,NA
"33009",25316754.5,61904671.6340192,182.40670275,123471655,301849589.467656,0,0,0,0,0,0,1017624.02226515
"33011",103102.5,252210.585227273,0.742338,1010925,2472936.98863636,0,0,0,0,0,0,NA
"33013",9064.35,22173.3228409091,0.06526332,273600,669283.636363636,0,0,0,0,0,0,NA
"33015",0,0,0,152580,373243.045454545,0,0,0,0,0,0,NA
"33017",1374458.45,3362216.92049242,9.89610084,8435508,20635041.9181818,0,0,0,0,0,0,NA
"34003",3959462.75,13396296.3346087,35.63516475,20226342,68433039.607998,0,0,0,0,0,0,NA
"34007",2800936.45,9459408.74778716,25.23473229,12652613,42199587.3967555,0,0,0,0,0,0,NA
"34013",3383220.7,11446660.8033078,30.4489863,19552780,66154135.4431005,0,0,0,0,0,0,NA
"34015",1065226.35,3604046.49545791,9.58703715,5127214,17347221.6943964,0,0,0,0,0,0,NA
"34017",393079.1,1329928.94213774,3.5377119,3416439,11559050.341644,0,0,0,0,0,0,NA
"34019",55621.1,188186.323525056,0.5005899,311480,1053849.63712664,0,0,0,0,0,0,NA
"34021",13075273.65,44238385.7434954,117.67746285,62367475,211011753.233769,29147.4,98616.2094297704,0.2623266,0,0,0,980921.740024685
"34023",43545539.2,147330328.38193,391.9098528,244217372,826275808.598371,0,0,0,0,0,0,NA
"34027",283379.65,919929.579566608,2.62836808,5609264,18760632.2266529,0,0,0,0,0,0,NA
"34035",432940.9,1464795.84680326,3.8964681,3921501,13267857.9871637,0,0,0,0,0,0,NA
"34039",288196.4,975072.786571217,2.5937676,3144364,10638522.0893607,0,0,0,0,0,0,NA
"35001",18760671.65,44172437.1612469,151.961440365,102500691,241340257.782396,0,0,0,0,0,0,NA
"35013",861819.25,2029173.44193154,6.980735925,10465598,24641493.5794621,0,0,0,0,0,0,NA
"35043",13042.45,30708.7514669927,0.105643845,686341,1616005.82640587,0,0,0,0,0,0,NA
"36001",7747827.7,18057083.176021,56.55914221,37506364,87412312.2766551,0,0,0,0,0,0,NA
"36005",39015549,90929618.0465038,284.8135077,202230858,471319131.640484,341842.05,796696.902528114,2.495446965,0,0,0,10282965.5473916
"36007",2509411.6,5848433.35946563,18.31870468,13509938,31486254.4205631,0,0,0,0,0,0,NA
"36027",51297,119552.76130887,0.3744681,542756,1264946.84907415,0,0,0,0,0,0,NA
"36029",26995271.05,62915164.5575548,197.065478665,143743225,335007884.831318,263704.55,614589.685989685,1.925043215,0,0,0,6984402.61948085
"36033",0,0,0,538061,1254004.68453539,0,0,0,0,0,0,NA
"36047",89306968.95,208125755.096684,654.12934005,543097864,1266237814.00459,472431.9,1101049.53847975,3.44875287,0,0,0,10801989.8641989
"36055",35939073.05,83759584.810197,262.355233265,203351037,473929820.230659,169402.65,394809.727285026,1.236639345,0,0,0,15932041.1756489
"36059",23403856.2,54545014.9908514,170.84815026,83446963,194481448.22288,0,0,0,0,0,0,640146.270743215
"36061",408530982.95,952188714.139768,2982.728895005,2007055213,4678034196.90853,22518649.7,52481953.1859981,164.38614281,0,0,0,3121043342.48025
"36065",738276.7,1720627.28999746,5.38941991,2304418,5370675.38276824,0,0,0,0,0,0,NA
"36067",7388731.05,17220172.7117781,53.937736665,37694189,87850057.1231927,0,0,0,0,0,0,0
"36075",108673.15,253273.586420901,0.793313995,890929,2076398.66035343,0,0,0,0,0,0,NA
"36079",31998.2,74574.9881457682,0.23358686,1032815,2407078.09757335,0,0,0,0,0,0,NA
"36081",1866743.6,4350631.65556777,13.62722828,11587525,27005879.6905386,83082.65,193632.380536062,0.606503345,0,0,0,5339740.40368648
"36083",1553682,3621010.45472225,11.3418786,12776851,29777722.2426651,40390.45,94133.9615963473,0.294850285,0,0,0,2316182.38741862
"36085",189634.5,441962.066289,1.38433185,1982684,4620842.291029,0,0,0,0,0,0,NA
"36087",3329830.85,7760502.03343198,24.307765205,17631016,41090836.6469942,0,0,0,0,0,0,NA
"36089",337802.55,787282.445945718,2.465958615,2438419,5682978.04312167,0,0,0,0,0,0,73394.2365333559
"36091",543759.45,1267285.48911812,3.969443985,2761508,6435969.09715059,0,0,0,0,0,0,NA
"36093",459004.95,1069756.69584848,3.350736135,2222240,5179151.37904794,0,0,0,0,0,0,NA
"36097",31597.85,70908.7984026252,0.25910237,758353,1701821.48453221,0,0,0,0,0,0,NA
"36103",16153789.55,37648013.4570221,117.922663715,74705081,174051226.156831,0,0,0,0,0,0,NA
"36107",51250,119443.223133508,0.374125,287000,668882.049547645,0,0,0,0,0,0,NA
"36109",22272138.75,51907434.8951552,162.586612875,110684323,257960825.160396,3122640.8,7277625.01151602,22.79527784,0,0,0,549539125.393997
"36119",3696928.5,8804933.29838617,27.292571055,20732070,49375842.112775,0,0,0,0,0,0,3018662.00941913
"37001",95640.4,234949.562743609,0.956404,873885,2146780.00759301,0,0,0,0,0,0,NA
"37021",15392.75,37813.7260187294,0.1539275,220846,542528.796760314,0,0,0,0,0,0,NA
"37025",0,0,0,915031,2247858.99417869,0,0,0,0,0,0,NA
"37037",79602.95,195552.071045305,0.7960295,858897,2109960.58769932,0,0,0,0,0,0,NA
"37051",0,0,0,322072,791199.906859023,0,0,0,0,0,0,232219.992832194
"37063",132983171.6,326720799.498634,1329.690731,1026327497,2521466537.93754,1613599.75,3963958.28233359,16.1359975,0,0,0,504595019.982998
"37067",24341086.05,59796148.1147304,243.4108605,155646890,382361102.085548,225583.95,554168.012832194,2.2558395,0,0,0,10399284.5456492
"37081",1701916.95,4180917.72126044,17.0191695,12029118,29550650.2930904,0,0,0,0,0,0,440717.622551253
"37109",187662.05,461009.328600354,1.8766205,1747790,4293609.14705138,0,0,0,0,0,0,NA
"37119",2014375.65,4948501.66006074,20.1437565,11019092,27069427.2214629,112030.4,275213.12639838,1.120304,0,0,0,414453.225856745
"37129",2531650.45,6219235.45120223,25.3165045,10331798,25381025.4082511,0,0,0,0,0,0,NA
"37135",86832331.6,213311721.21225,868.323316,569929171,1400084164.44596,264458.6,649667.216299671,2.644586,0,0,0,41075971.6015338
"37147",1352705.05,3323046.11878006,13.5270505,7882678,19364533.7048848,0,0,0,0,0,0,28688.5137990382
"37155",0,0,0,858633,2109312.04707669,0,0,0,0,0,0,0
"37179",0,0,0,374000,918765.882055176,0,0,0,0,0,0,NA
"37183",8168093.45,20065683.3778031,81.6809345,58285091,143182762.147811,29113.05,71518.922627183,0.2911305,0,0,0,4791540.75310554
"37189",91093,223778.450518856,0.91093,577462,1418589.2614528,0,0,0,0,0,0,NA
"37197",0,0,0,998231,2452247.55403695,0,0,0,0,0,0,NA
"38017",1638547.65,5591125.85877551,12.78067167,10482771,35769781.8612245,0,0,0,0,0,0,NA
"38035",1861537.95,6352023.3722449,14.51999601,17355756,59222089.8612245,0,0,0,0,0,0,226041.296979592
"39005",18957,49286.3675205413,0.1933614,306457,796758.576317061,0,0,0,0,0,0,NA
"39009",662305.7,1721930.7981827,6.75551814,14000980,36401194.5944901,0,0,0,0,0,0,NA
"39017",806872.45,2097790.37362977,8.23009899,4780050,12427667.9362011,0,0,0,0,0,0,NA
"39035",68354845.7,177715991.295041,697.21942614,330318450,858792790.260936,257744.8,670111.565084582,2.62899696,0,0,0,8474009.18222136
"39049",64591049.75,167612098.396433,656.10519789,345426301,896623583.235014,108653.8,282489.376974384,1.10826876,0,0,0,17623219.4742968
"39057",1010838.45,2628082.25724505,10.31055219,5784035,15037931.8859352,0,0,0,0,0,0,NA
"39061",47458283.75,123386950.192363,484.07449425,276944381,720028619.756017,230022.55,598036.394857419,2.34623001,0,0,0,4518855.83309508
"39089",10949.85,28468.5515321411,0.11168847,355100,923225.674238763,0,0,0,0,0,0,NA
"39095",2690887.9,6996048.42517158,27.44705658,14952865,38876003.5804737,0,0,0,0,0,0,0
"39113",299975.05,779906.132895118,3.05974551,3173777,8251513.40666989,0,0,0,0,0,0,NA
"39133",2640717.1,6865609.19493475,26.93531442,11309871,29404571.3306912,10392.85,27020.4053745771,0.10600707,0,0,0,1091218.4282262
"39153",211930.5,550998.813726438,2.1616911,4632554,12044192.5939101,0,0,0,0,0,0,NA
"39159",0,0,0,407702,1059985.78946351,0,0,0,0,0,0,NA
"39169",0,0,0,1202912,3127454.92044466,0,0,0,0,0,0,NA
"39173",94500,245690.865152247,0.9639,497000,1292151.95746738,0,0,0,0,0,0,NA
"40021",0,0,0,1485682,4240601.59361022,0,0,0,0,0,0,674594.380428115
"40027",1574423.8,4493898.47578275,16.84633466,11884901,33923228.6051118,0,0,0,0,0,0,3283116.55591054
"40109",19630272.2,56030943.0782109,210.04391254,115724172,330313020.015335,353724,1009639.04664537,3.7848468,0,0,0,2045774.76741853
"40119",1695793.75,4840326.31389776,18.144993125,11378215,32476988.1182109,0,0,0,0,0,0,575200.918830671
"40125",67594.95,192937.151214057,0.723265965,655023,1869640.72907348,0,0,0,0,0,0,NA
"40143",3369341.8,9617156.43488818,36.05195726,15298206,43665869.7776358,0,0,0,0,0,0,NA
"41003",2744078.45,6811081.14887973,25.519929585,21779597,54059169.6847798,0,0,0,0,0,0,NA
"41005",277972.15,689955.081560649,2.585140995,3110033,7719417.47463302,0,0,0,0,0,0,NA
"41039",8836398.2,21932836.9434973,82.17850326,57160850,141879029.693536,13992.8,34731.5494205511,0.13013304,0,0,0,0
"41051",48182739.5,119590938.562635,447.986741,318519239,790580961.519294,0,0,0,0,0,0,1218033.0156477
"41067",171685.4,426140.583363379,1.59667422,3307816,8210334.94926603,0,0,0,0,0,0,NA
"42003",126947183.9,305936442.196709,1130.05794683,756825899,1823893154.49925,582327.2,1403127.73096221,5.18271208,0,0,0,26114376.935512
"42017",1199299.2,2889732.72284172,10.67376288,10692724,25764308.3886948,0,0,0,0,0,0,NA
"42027",18476754.05,44488650.983841,164.398068425,96131826,231480702.521251,316182.1,761846.385578188,2.81402069,0,0,0,3770256.19506782
"42029",1598727.6,3852162.54678583,14.22867564,10160267,24481343.7903643,0,0,0,0,0,0,NA
"42043",17625459.35,42468857.3450324,156.866588215,78623740,189445297.945833,126130.6,303913.920872839,1.12256234,0,0,0,11158522.916349
"42045",314603.35,758042.359413419,2.799969815,3032487,7306831.28571428,0,0,0,0,0,0,NA
"42055",0,0,0,999999,2409515.35122261,0,0,0,0,0,0,NA
"42061",15902.15,38316.5128589575,0.141529135,135570,326658.322823572,0,0,0,0,0,0,NA
"42071",353248.55,851158.655180783,3.143912095,3428128,8260135.30209137,0,0,0,0,0,0,NA
"42091",627364.4,1511645.66425623,5.58354316,4973336,11983341.4221295,0,0,0,0,0,0,NA
"42093",1850935.4,4459861.72028308,16.47332506,9545081,22999042.1972055,0,0,0,0,0,0,NA
"42095",1387866.95,3344090.06556957,12.352015855,7076816,17051713.8414916,0,0,0,0,0,0,NA
"42101",229929496,554019204.330082,2046.3725144,1230689136,2965739826.75591,2087840.45,5030688.64586717,18.581780005,0,0,0,109197522.918576
"42119",63256.05,152416.575949281,0.562978845,604231,1455905.32608992,0,0,0,0,0,0,NA
"44003",0,0,0,650609,1333894.56472029,0,0,0,0,0,0,NA
"44005",321299.85,789303.048367502,3.2129985,2187147,5215313.99850289,0,0,0,0,0,0,NA
"44007",35759877.35,73315779.5730298,275.351055595,223322806,457861906.46223,3759749.1,7708330.02494896,28.95006807,0,0,0,770969714.463316
"44009",2158418.65,4425242.97331564,16.619823605,26478286,54286432.8321764,36425.55,74680.5580032666,0.280476735,0,0,0,4145.01926162924
"45003",28749,83133.0995203837,0.3133641,172499,498813.055555556,0,0,0,0,0,0,NA
"45019",21662313.65,62494638.4281575,235.568939915,138934047,400936211.626699,134058.95,387656.476119105,1.461242555,0,0,0,5490891.71351945
"45045",829770.25,2399435.55505596,9.044495725,4718097,13643258.1115108,0,0,0,0,0,0,NA
"45047",28381.1,82069.2480015987,0.30935399,556928,1610461.26298961,0,0,0,0,0,0,NA
"45063",43871.85,126863.642985612,0.478203165,1294222,3742484.48041567,0,0,0,0,0,0,NA
"45075",0,0,0,690143,1995677.30015987,0,0,0,0,0,0,452483.60871303
"45077",4265074.75,12333259.718725,46.489314775,27419867,79289663.3673062,15458.4,44700.8489208633,0.16849656,0,0,0,1871370.54434452
"45079",11327825.2,32756520.9120703,123.47329468,75547327,218459196.980416,1009347.05,2918715.39038769,11.001882845,0,0,0,19412758.8931655
"45083",84389.45,244027.846023181,0.919845005,3788812,10956057.0823341,0,0,0,0,0,0,NA
"45091",34006.7,98336.7204236611,0.37067303,192456,556522.446043166,0,0,0,0,0,0,NA
"46011",613861.1,1924710.32395833,5.27920546,2916490,9144411.35416667,0,0,0,0,0,0,NA
"46027",512454.4,1606758.06666667,4.40710784,6171987,19351750.90625,0,0,0,0,0,0,186232.211666667
"46041",35988.8,112839.883333333,0.30950368,645858,2025033.9375,0,0,0,0,0,0,NA
"46081",38120.9,119524.905208333,0.32783974,383091,1201149.90625,0,0,0,0,0,0,NA
"46099",3638576.65,11408453.8713542,31.29175919,15540143,48724823.3645833,0,0,0,0,0,0,NA
"46103",0,0,0,1046042,3279777.52083333,0,0,0,0,0,0,NA
"47001",330699.15,888153.043336184,3.43927116,1575481,4231242.33874908,0,0,0,0,0,0,NA
"47037",110378691.15,296559761.990838,1148.34973587,644936653,1732753891.23858,857023,2301691.99303689,8.9130392,0,0,0,13025155.3763376
"47065",51825.9,139187.93201808,0.53898936,396750,1065544.67994136,0,0,0,0,0,0,NA
"47093",1901888.05,5107868.16262521,19.77963572,12061085,32392249.416687,31631,84950.8349621305,0.3289624,0,0,0,2184093.64792939
"47149",74962.15,201324.56239311,0.77960636,625144,1678938.53408258,0,0,0,0,0,0,NA
"47157",34921527.3,93788147.7755314,363.18388392,157935959,424161778.400425,94470,253716.461031029,0.982488,0,0,0,1478373.88565844
"47167",121311.3,325803.680735402,1.26163752,1469316,3946116.816516,0,0,0,0,0,0,NA
"47179",1074394.95,2885484.11626558,11.17370748,5636376,15137518.4901051,84516.55,226984.650836795,0.87897212,0,0,0,1086026.82551918
"47183",0,0,0,88195,236863.80100171,0,0,0,0,0,0,NA
"48029",33344160.75,107664297.276996,410.133177225,186399779,601862538.064401,113687.1,367082.01543083,1.39835133,0,0,0,19819584.997112
"48039",0,0,0,702360,2267836.23083004,0,0,0,0,0,0,NA
"48041",15455309.1,49903340.0758261,190.10030193,89156787,287876575.80585,150418.2,485682.333470356,1.85014386,0,0,0,4911375.68383874
"48085",5041599.85,16278721.4550619,62.011678155,29475322,94815191.823428,0,0,0,0,0,0,174412.027282213
"48113",66006672.1,213127630.367473,811.88206683,312841039,1010126206.98034,788046.05,2544506.21298551,9.692966415,0,0,0,17508150.4694934
"48121",468549.75,1512890.96616601,5.763161925,3557865,11487919.5162055,0,0,0,0,0,0,0
"48135",107280.05,346394.419151515,1.319544615,457769,1478081.2169697,0,0,0,0,0,0,NA
"48141",3357436.3,10840759.274224,41.29646649,18731464,60481651.4546509,1260385.4,4069633.34319895,15.50274042,0,0,0,10023533.8848021
"48143",71725.4,231592.717111989,0.88222242,778980,2515233.02450593,0,0,0,0,0,0,NA
"48157",333645.75,1077302.12442688,4.103842725,3142719,10147462.8559684,0,0,0,0,0,0,NA
"48167",15258619.3,49268252.2936706,187.68101739,128434064,414698194.105507,460162.15,1485808.41139394,5.659994445,0,0,0,119431454.057929
"48201",157046976.45,506981570.64316,1931.068117055,821889356,2651279299.4336,597084.7,1927914.90906983,7.34414181,0,0,0,65538165.9450034
"48209",342626.05,1106298.43643742,4.214300415,3066343,9900853.90903821,0,0,0,0,0,0,2967493.60747088
"48215",2553445.1,8244768.08362582,31.40737473,14436702,46614379.875415,0,0,0,0,0,0,NA
"48273",175658.65,567180.720326746,2.160601395,1202186,3881714.45839262,0,0,0,0,0,0,NA
"48303",3806711.85,12291416.1594625,46.822555755,17807500,57498282.4769434,0,0,0,0,0,0,0
"48309",695880.5,2246914.70218709,8.55933015,6682680,21577572.5027668,30363.2,98039.1324163373,0.37346736,0,0,0,7040763.57375494
"48339",57816,186680.932173913,0.7111368,1197098,3865285.91641634,0,0,0,0,0,0,NA
"48423",1294896.35,4181065.06307246,15.927225105,7262179,23448705.2949671,0,0,0,0,0,0,NA
"48439",6714272,21679579.2830567,82.5855456,100443110,324318759.603689,70684.05,228230.322814229,0.869413815,0,0,0,5213279.84834993
"48453",21772612.7,70301155.9896495,267.80313621,139031620,448916431.839789,384400,1241181.51251647,4.72812,0,0,0,6142750.15109987
"48471",27500,88794.2028985507,0.33825,816655,2636881.08247694,0,0,0,0,0,0,198055.049810804
"48473",32185,103921.506192358,0.3958755,1344799,4342194.7368643,0,0,0,0,0,0,102584.620673518
"48491",16191.4,52280.0893386034,0.19915422,8821280,28482855.4961792,0,0,0,0,0,0,NA
"49005",655873.7,1785232.25604038,7.73930966,4810345,13093348.6991208,0,0,0,0,0,0,NA
"49011",0,0,0,3623079,9861711.93780527,0,0,0,0,0,0,NA
"49035",47512416.95,129324745.452638,560.64652001,277066911,753713813.687878,26454.2,72006.0754802996,0.31215956,0,0,0,4087866.03440573
"49037",27666.9,75306.941419733,0.32646942,681090,1853868.87333116,0,0,0,0,0,0,NA
"49049",1791392.8,4876018.37030283,21.13843504,10026443,27291122.4477369,0,0,0,0,0,0,NA
"49051",0,0,0,390275,1062295.25398893,0,0,0,0,0,0,NA
"50001",94648.5,214376.275862069,0.74772315,763040,1728264.82758621,0,0,0,0,0,0,NA
"50007",9061092.9,20523128.7462795,71.58263391,53741320,121722626.787659,0,0,0,0,0,0,0
"50015",22016,49865.6406533575,0.1739264,137016,310337.509981851,0,0,0,0,0,0,NA
"50027",0,0,0,565926,1281806.98366606,0,0,0,0,0,0,NA
"51003",1864384.95,5176026.53121533,16.220149065,5774493,15594599.5141634,0,0,0,0,0,0,NA
"51013",0,0,0,1553788,3535101.40864011,0,0,0,0,0,0,0
"51041",40391.6,112137.782081022,0.35140692,792140,2199190.49251975,0,0,0,0,0,0,NA
"51053",35165.15,97627.7722978652,0.305936805,232895,646578.218187931,0,0,0,0,0,0,NA
"51059",4367378.65,12125000.131686,37.996194255,106960350,296947275.881852,0,0,0,0,0,0,0
"51087",3793.35,10531.3445284922,0.033002145,130467,362210.955118507,0,0,0,0,0,0,NA
"51107",311110,678478.450721599,2.737768,1742216,3799479.32404095,0,0,0,0,0,0,NA
"51121",11120899.95,30874564.3930408,96.751829565,60581305,168189751.786855,198828,551999.201210287,1.7298036,0,0,0,18523091.5611363
"51153",0,0,0,829816,2303789.04958817,0,0,0,0,0,0,NA
"51510",455735.7,1265243.03600605,3.96490059,3819129,10602913.8618255,0,0,0,0,0,0,NA
"51540",40545103.25,112563947.768869,352.742398275,200525925,556713090.821987,277410.45,770164.900353,2.413470915,0,0,0,1653537.41647336
"51650",47582.5,132101.625483274,0.41396775,934326,2593936.49621785,0,0,0,0,0,0,294872.649520928
"51660",85198.4,236533.329030089,0.74122608,649901,1804297.34678097,0,0,0,0,0,0,NA
"51710",1380145.6,3831649.81166583,12.00726672,9187590,25507183.8023197,0,0,0,0,0,0,0
"51760",20302467.25,56365027.5846361,176.631465075,116543591,323555883.166246,188168.55,522405.744125063,1.637066385,0,0,0,20032476.3357068
"51770",48823.25,135546.276180871,0.424762275,874506,2427860.32879476,0,0,0,0,0,0,NA
"51800",0,0,0,2052199,5697448.08942679,0,0,0,0,0,0,NA
"53005",3382280.25,8289860.47945097,28.072926075,12666697,31045668.3373532,0,0,0,0,0,0,NA
"53033",195406058.05,478973267.507643,1622.071418515,1171491665,2873949359.4181,272921.35,668921.480815614,2.265247205,0,0,0,11507516.1714951
"53035",79608,195116.656299587,0.6607464,689936,1691011.02126309,0,0,0,0,0,0,NA
"53061",285264.75,699174.758568708,2.367697425,3325215,8149995.38083148,0,0,0,0,0,0,NA
"53063",56869.75,139385.934385909,0.472018925,3491148,8556691.84512853,0,0,0,0,0,0,NA
"53073",99413,243658.076483656,0.8251279,2333791,5720046.93525865,0,0,0,0,0,0,NA
"53075",6135812.6,15038680.0094573,50.92724458,45736946,112111316.444595,0,0,0,0,0,0,NA
"53077",0,0,0,522924,1281669.96255157,0,0,0,0,0,0,NA
"54011",371453.8,1013430.33049908,2.9716304,6483575,17689014.232902,0,0,0,0,0,0,NA
"54061",7346670.8,20043782.071719,58.7733664,47204677,128787621.537893,0,0,0,0,0,0,NA
"55009",0,0,0,2329453,5407337.21088893,0,0,0,0,0,0,NA
"55025",72098801,167362264.663754,670.5188493,428257259,994107594.03481,0,0,0,0,0,0,49400.5446143505
"55035",42345.7,98296.6727944883,0.39381501,491923,1141896.2060158,0,0,0,0,0,0,NA
"55063",56954.85,132208.754478239,0.529680105,462062,1072580.14921862,0,0,0,0,0,0,NA
"55079",23167317.7,53795859.3016088,215.48307617,148022765,343878854.914942,18048.85,41896.6247521425,0.167854305,0,0,0,3570275.74717863
"55125",4083.25,9478.40959502605,0.037974225,1115543,2589499.41219963,0,0,0,0,0,0,NA
"55133",116214.85,269768.431843388,1.080798105,3347463,7770434.19290876,0,0,0,0,0,0,NA
"55141",964681.05,2239304.99490842,8.971533765,9414131,21852933.2270207,0,0,0,0,0,0,NA
"56001",1934207.45,7869083.3008547,15.86050109,12490711,50816909.7094017,0,0,0,0,0,0,NA
"56013",1438.5,5852.35897435898,0.0117957,418923,1704336.30769231,0,0,0,0,0,0,NA
"66010",354860.6,0,0,2220156,0,0,0,0,0,0,0,NA
"72025",0,0,0,6311169,0,0,0,0,0,0,0,NA
"72031",21692,0,0,366692,0,0,0,0,0,0,0,NA
"72035",0,0,0,629011,0,0,0,0,0,0,0,0
"72041",129336.25,0,0,1199626,0,0,0,0,0,0,0,NA
"72069",0,0,0,381326,0,0,0,0,0,0,0,0
"72097",0,0,0,244901,0,0,0,0,0,0,0,NA
"72113",2017239.9,0,0,9346503,0,0,0,0,0,0,0,0
"72127",4433968.5,0,0,41911154,0,10074.25,0,0,0,0,0,0
"72139",60015,0,0,405015,0,0,0,0,0,0,0,NA
"78030",0,0,0,446273,0,0,0,0,0,0,0,0
