"FIPS","static_term_loss","terminated_econ_loss"
"01073",39510454.0815067,25085356.2466443
"01081",478217.15947147,429165.221713731
"01087",0,56217.2964588413
"01089",0,441256.982887157
"01097",0,217541.16918292
"01101",635129.157104917,717525.339033063
"01117",0,5210246.5024551
"01125",93525.8653142256,801832.249976033
"02020",41379.1127702703,112338.091459021
"02050",0,65.5273749460353
"02090",1250471.54040541,1025329.49548174
"02220",0,0
"04001",0,2904.650901243
"04005",0,7845.64980739027
"04013",2433178.26384594,2763008.02699283
"04017",0,3954.98025055241
"04019",2030055.69257703,1824532.14838958
"04023",0,12771.183296467
"04027",0,14742.6208666167
"05019",0,23962.36580411
"05031",0,60444.5720703767
"05119",10397322.1676033,6502801.87651035
"05143",626769.270413223,593556.054764479
"06001",2117979.63177729,3651028.10885678
"06013",0,1425417.19572423
"06017",0,21035.5370734783
"06019",0,151821.510912405
"06023",0,5149.406089225
"06029",0,160349.687026713
"06037",38839241.8227128,33710193.5066749
"06041",0,428999.392750528
"06047",0,59079.9709126109
"06053",0,433974.556152952
"06055",0,30386.5534699144
"06059",247.477880840985,2336573.84663345
"06065",0,1542188.04169203
"06067",0,600223.854793229
"06071",0,1227326.65468908
"06073",9317032.2145499,9287631.00503229
"06075",2584964.62764691,2194234.41006883
"06077",972827.34412145,1049061.91286245
"06079",0,82575.7314003977
"06081",545942.774869834,5148413.27312141
"06083",0,46154.2349868446
"06085",18453549.7273258,7715948.72331015
"06087",0,423974.414775892
"06095",0,377941.946943597
"06097",0,225818.799389266
"06111",0,782527.362564042
"06113",0,42391.1747583504
"08001",0,30634.7358868325
"08005",0,180087.794753438
"08013",0,31746.5696586261
"08014",0,13640.6914446831
"08031",646932.122459421,295913.596917488
"08035",0,47959.5098641066
"08037",0,990.033855149599
"08041",0,44743.071450267
"08049",0,204.966846544975
"08059",0,305155.095651497
"08067",0,1733.38054012505
"08069",0,17384.4675965863
"08123",0,9280.12985827094
"09110",4410336.70419982,4776929.02933993
"09120",0,1947017.01648029
"09130",0,1160943.73020061
"09140",0,2788325.73069635
"09150",0,522576.475828318
"09170",25616535.0576141,15282901.3614766
"09190",0,1643569.55254145
"10001",0,59343.2926354187
"10003",0,716669.787679213
"10005",0,29920.739443874
"11001",0,423571.01336531
"12001",18244467.238416,12781376.5782331
"12009",0,175154.271552169
"12011",0,1705711.87094645
"12031",21262.3528471184,333982.773540912
"12033",0,33068.3487861698
"12057",1176398.78122052,1020109.04980634
"12071",0,96728.150736424
"12073",1622970.05233521,1382849.9296797
"12081",0,84102.6746478547
"12085",0,28595.8754909255
"12086",12475460.0954791,10406988.3249356
"12095",2081848.97417462,1222759.73508171
"12099",0,421983.951367777
"12105",0,97786.1680397196
"12117",0,640594.865321753
"13021",0,219900.837615875
"13031",0,30872.1685183061
"13059",7715093.10197471,2465364.97266143
"13067",958881.869970622,4735964.29292069
"13073",0,2614611.39085171
"13089",20651988.2699502,12891170.095663
"13095",0,47808.479424129
"13121",22722692.0781709,12299961.2862974
"13245",10618244.6072806,4355170.27235259
"15001",0,764.890374297705
"15003",0,29837.622936901
"16001",0,13081.2483085
"16005",0,4278.54010426993
"16027",0,2914.86852690765
"16057",0,2251.25045679148
"16069",0,814.433915761526
"17019",96218.1519595389,174708.457569184
"17029",0,12373.3361232029
"17031",65373666.0330066,54085559.0932701
"17037",0,45172.1738775941
"17043",0,2715336.46474063
"17077",0,5617.41297020607
"17097",0,2277022.1746764
"17113",0,56678.0766285491
"17115",0,36975.1277252167
"17119",309578.613225123,1035479.11663655
"17137",0,56762.5256184301
"17167",0,50743.5832643902
"17197",0,1450428.34563545
"18011",0,228900.155061906
"18035",0,74789.8456665059
"18085",0,13574.4638178368
"18089",0,1283573.10107343
"18097",8753151.43446787,4445204.82852457
"18105",0,220940.760839793
"18127",0,291101.916028238
"18141",414899.717194703,458968.691309877
"18157",2131744.42805297,1521245.10073156
"18167",0,40488.1029306588
"19103",4731160.59245646,3128955.47844433
"19153",0,67405.1262317006
"19163",0,83252.7108866503
"19169",0,14091.64952566
"20045",711913.0045629,442946.357194135
"20051",0,1783.53383775799
"20091",1048962.90831557,822377.88978921
"20161",0,8579.99745676235
"20173",0,51993.9200756943
"20209",0,82530.5280696657
"21037",0,245159.791121896
"21067",8786736.47628901,4937986.23602471
"21093",0,119262.093071404
"21111",7609380.77778538,6160969.11443024
"21113",0,396541.927661622
"21185",0,379627.719525164
"21195",0,25029.1599856733
"21227",711268.70115434,569655.857063582
"22017",0,51051.911252562
"22033",2075822.39486985,1747874.30213267
"22055",0,85372.2245911581
"22061",0,9662.15148169332
"22071",15173040.9665594,8381754.65576248
"22073",0,21622.0542424812
"23001",0,33440.261083572
"23005",0,92028.1256124494
"23009",712609.372820513,574166.10478618
"23015",0,7957.59248301628
"23019",0,60238.9424182927
"23031",0,34402.7102045751
"24003",0,1286279.24763182
"24005",0,9081651.45710193
"24021",0,315169.277473254
"24027",0,1596451.49226213
"24031",162103.072011842,984844.670357349
"24033",0,753703.763470986
"24039",0,16394.0203010728
"24045",0,103530.233197131
"24510",25084452.2164056,9116631.71202433
"25001",0,405025.393563821
"25005",0,1784042.09639238
"25009",0,4143129.26763333
"25013",0,619759.92030402
"25015",0,174998.361808713
"25017",21408338.2368726,24481457.6576268
"25021",0,12228360.0376845
"25023",0,3337657.2999187
"25025",50320119.4801836,20168317.5449588
"25027",1660596.4780207,3270028.6957409
"26005",0,55026.9531542649
"26049",0,1184949.56377492
"26061",0,14993.9930285866
"26065",1960409.7907121,1390791.06808332
"26073",781919.442962963,451757.465384962
"26077",0,192749.012045109
"26081",0,439099.666294553
"26099",0,984491.863741105
"26103",0,23989.8077243414
"26121",0,74487.9516291896
"26125",0,4198862.84828037
"26139",0,114771.76819641
"26149",0,25583.3905080659
"26155",0,229265.804850245
"26161",42871789.5776059,23062644.7543422
"26163",2613969.11890173,7921248.44789634
"27017",0,6583.58075528079
"27053",6023183.0821071,3291698.55200681
"27109",4081691.87547959,2886096.19154378
"27123",1366038.60473574,1786981.34136148
"27137",0,36088.4513520004
"27163",0,424940.164063653
"27171",0,64195.0471550152
"28035",0,34582.1035502343
"28049",1114249.46415385,451789.72258892
"28071",906160.705538461,543722.659337274
"28089",0,239434.192363867
"28105",0,12741.2167846383
"28151",73056.6963076923,56717.2298077678
"29019",13037773.3338421,8330449.027052
"29077",0,139584.489395399
"29095",0,552047.992175886
"29161",0,36370.8117300295
"29189",34576221.7368101,18477963.5206297
"29510",0,8837026.08257335
"30005",0,62.0948979591837
"30013",0,2044.95065409739
"30031",36884.3693877551,26906.6595618489
"30035",0,0.0960290953396284
"30047",0,1344.00189650802
"30049",0,2053.41495891963
"30063",160.848734693878,11749.847188191
"30111",0,10215.2435313631
"31019",0,26319.407472534
"31055",3667894.54887108,2788235.45858945
"31109",2351412.84480699,1938339.08424355
"32003",0,77557.3313192248
"32031",0,5710.55491823004
"33005",0,86052.1138598897
"33009",1017624.02226515,504010.664405443
"33011",0,578900.929707553
"33013",0,110291.234944448
"33015",0,503240.84266531
"33017",0,55296.5549291731
"34003",0,1790088.21345685
"34007",0,2705315.02074333
"34013",0,599747.376617912
"34015",0,1414731.4496128
"34017",0,1667168.25941081
"34019",0,95416.9557825037
"34021",980921.740024685,1001680.1832891
"34023",0,645903.588735352
"34027",0,269175.208420822
"34035",0,245334.624458636
"34039",0,393089.430438013
"35001",0,22197.1634481909
"35013",0,362315.765451495
"35043",0,5693.93437562854
"36001",0,512955.689824963
"36005",9532830.6663262,9210545.99871574
"36007",0,57046.962914978
"36027",0,373287.194314018
"36029",6984402.61948085,5918114.67228364
"36033",0,12897.158209038
"36047",8622512.37815507,15281615.2139516
"36055",15932041.1756489,12556131.4240022
"36059",640146.270743215,3481459.47719706
"36061",39109210.4618763,9983471.35939782
"36065",0,47211.8346900786
"36067",0,237370.757053323
"36075",0,32712.7320995007
"36079",0,194252.660301462
"36081",5339740.40368648,11796306.6795976
"36083",2316182.38741862,953094.533438527
"36085",0,1695365.37142564
"36087",0,625831.058951372
"36089",73394.2365333559,70761.2231901484
"36091",0,256890.274486791
"36093",0,166122.99570752
"36097",0,2446.83935375666
"36103",0,2332321.72787617
"36107",0,12166.9813809438
"36109",0,45140.9975827245
"36119",384358.713279784,2906158.92481146
"37001",0,11307063.1710519
"37021",0,1297284.97451054
"37025",0,1189589.50932225
"37037",0,8871007.64386624
"37051",232219.992832194,3098054.34602518
"37063",504595019.982998,221115017.469133
"37067",10399284.5456492,9618246.97775598
"37081",440717.622551253,8147586.9384119
"37109",0,530064.813854354
"37119",414453.225856745,14661153.4044487
"37129",0,1331161.84601128
"37135",41075971.6015338,72643995.2507632
"37147",28688.5137990382,2430238.43961149
"37155",0,2145057.05739251
"37179",0,1791628.73733478
"37183",4791540.75310554,103911783.491018
"37189",0,251829.466312336
"37197",0,177550.37854692
"38017",0,9604.2476309488
"38035",226041.296979592,166303.135137759
"39005",0,19810.8042949152
"39009",0,29966.6412007351
"39017",0,503367.122075621
"39035",8474009.18222136,7044367.37328521
"39049",16968047.0577709,11819748.727834
"39057",0,74247.7810709815
"39061",4518855.83309508,3165150.34459676
"39089",0,427846.753137062
"39095",0,420859.58509577
"39113",0,247454.546857865
"39133",1091218.4282262,514398.608802673
"39153",0,782117.030750815
"39159",0,314147.649753367
"39169",0,24535.4033508922
"39173",0,73530.9334277635
"40021",674594.380428115,399792.816207182
"40027",3283116.55591054,2720001.4078745
"40109",2045774.76741853,1631630.53510532
"40119",575200.918830671,393469.454132394
"40125",0,60919.8346147176
"40143",0,190804.726412538
"41003",0,9978.21433932886
"41005",0,217595.053731799
"41039",0,24698.5521963005
"41051",1218033.0156477,513839.676010802
"41067",0,307746.083850958
"42003",24416620.2157969,18024141.1505597
"42017",0,1999237.54981979
"42027",3770256.19506782,2385848.94644795
"42029",0,2085285.93003966
"42043",11158522.916349,4433718.07065167
"42045",0,6693684.54065254
"42055",0,162334.944776055
"42061",0,94147.2103171365
"42071",0,1382103.07013644
"42091",0,6804383.61984168
"42093",0,16798.5020347858
"42095",0,414419.989555444
"42101",48325139.6213157,23054766.6234654
"42119",0,27761.8716739004
"44003",0,430142.562283004
"44005",0,126570.801605118
"44007",2209354.19750919,1835017.54910774
"44009",4145.01926162924,204078.063520937
"45003",0,1591802.12266722
"45019",5490891.71351945,4149196.97224937
"45045",0,518214.493869122
"45047",0,121103.435653498
"45063",0,4555533.58464907
"45075",452483.60871303,430441.60462329
"45077",1871370.54434452,918318.818423058
"45079",19412758.8931655,9420505.82652563
"45083",0,406778.298443723
"45091",0,283733.068797245
"46011",0,5301.78849658498
"46027",186232.211666667,100811.599025511
"46041",0,200.644291690092
"46081",0,1168.61546510459
"46099",0,30650.0565541188
"46103",0,4525.33583891532
"47001",0,72581.2648735668
"47037",13025155.3763377,7200776.72818858
"47065",0,144234.847099614
"47093",2184093.64792939,1679250.10676685
"47149",0,966435.161344311
"47157",1478373.88565844,1472201.38523395
"47167",0,58956.3546703444
"47179",1086026.82551918,439403.468411334
"47183",0,4876.37118360732
"48029",19819584.997112,17624061.7349987
"48039",0,11344253.9168857
"48041",4911375.68383874,3606851.70591359
"48085",174412.027282213,2131543.15618587
"48113",17508150.4694934,11087126.9046973
"48121",0,2157269.21205874
"48135",0,37210.9760537556
"48141",10023533.8848021,9360911.60011571
"48143",0,28363.6402815046
"48157",0,12080236.9843552
"48167",119431454.057929,81157996.5235639
"48201",63487153.9857265,59772464.7078114
"48209",2967493.60747088,1805200.05916373
"48215",0,457433.944115999
"48273",0,29146.3845802269
"48303",0,315012.489505403
"48309",7040763.57375494,5213448.86199583
"48339",0,3354418.96102023
"48423",0,348672.80528129
"48439",5213279.84834993,6700331.24814853
"48453",6142750.15109987,5143134.41552667
"48471",198055.049810804,594043.327685944
"48473",102584.620673518,492683.100792178
"48491",0,1582650.27623008
"49005",0,51705.6158909614
"49011",0,552434.065343563
"49035",4087866.03440573,2752473.36953032
"49037",0,1860.81712290269
"49049",0,259594.783895369
"49051",0,41669.2601459333
"50001",0,8359.52305725651
"50007",0,31615.1672398231
"50015",0,5060.55550381443
"50027",0,209760.44596285
"51003",0,705119.550400694
"51013",0,125194.774803842
"51041",0,3470591.82143289
"51053",0,61007.3340742768
"51059",0,1064179.74610631
"51087",0,4621760.29032051
"51107",0,374135.546645778
"51121",18523091.5611363,7559118.68270329
"51153",0,558157.662655442
"51510",0,135682.825454831
"51540",1653537.41647336,447297.478253212
"51650",294872.649520928,372144.236149391
"51660",0,60569.7264014255
"51710",0,855634.714568163
"51760",20032476.3357068,6304309.8624606
"51770",0,600792.834991684
"51800",0,308302.751252943
"53005",0,30519.255445327
"53033",11507516.1714951,8621892.93691637
"53035",0,256450.188089036
"53061",0,1621113.26981355
"53063",0,47030.5396008759
"53073",0,23300.6093879263
"53075",0,20233.6228845442
"53077",0,47673.3513623795
"54011",0,4335.93856554465
"54061",0,37732.3681878879
"55009",0,62700.1901504747
"55025",49400.5446143505,169503.14135323
"55035",0,19671.3258313679
"55063",0,16783.8927411573
"55079",3570275.74717863,1925037.26803547
"55125",0,2503.96237285775
"55133",0,1024013.53563691
"55141",0,9368.08559806531
"56001",0,762.726500140682
"56013",0,0
"01001",0,117567.39908004
"01003",0,117550.904317752
"01005",0,27972.6045964012
"01007",0,55338.3056517832
"01009",0,879623.456736865
"01011",0,9733.88837324495
"01013",0,31707.6257976923
"01015",0,250548.762891534
"01017",0,103216.297704846
"01019",0,21643.7394895146
"01021",0,212240.84763447
"01023",0,2411.75311938794
"01025",0,19725.0102380258
"01027",0,26881.5819416794
"01029",0,20836.23780627
"01031",0,50002.8433684716
"01033",0,66313.019610633
"01035",0,15590.0587502226
"01037",0,31057.9871686418
"01039",0,37527.2284956225
"01041",0,14229.7065135983
"01043",0,480818.736742914
"01045",0,54807.0385233789
"01047",0,76504.5445719371
"01049",0,48449.554522805
"01051",0,185616.961768526
"01053",0,36406.4157908994
"01055",0,325804.506532422
"01057",0,58294.2432243476
"01059",0,38934.5795723327
"01061",0,15023.1267763798
"01063",0,14547.9555927622
"01065",0,37094.5962667908
"01067",0,18156.15987903
"01069",0,91639.2107972307
"01071",0,30936.0954995602
"01075",0,14023.3433247329
"01077",0,84739.4599217033
"01079",0,34814.5518788664
"01083",0,99222.1188050801
"01085",0,3952.77520040227
"01091",0,43094.4206582903
"01093",0,56077.043783205
"01095",0,177136.736576591
"01099",0,11371.0727940516
"01103",0,167900.204621925
"01105",0,29960.8460818953
"01107",0,45128.3209741021
"01109",0,43665.6524738896
"01111",0,32117.68099473
"01113",0,64399.1578392798
"01115",0,1641028.99066376
"01119",0,19684.9685889225
"01121",0,486592.102503413
"01123",0,145361.105206293
"01127",0,769888.490164734
"01129",0,22239.6072144646
"01131",0,7511.80719255246
"01133",0,82904.8857061866
"02013",0,0
"02016",0,5.69803260400307
"02060",0,2.84901630200153
"02063",0,4351.20292412503
"02066",0,34.1881956240184
"02068",0,2094.40449745547
"02070",0,39.8862282280215
"02100",0,0
"02105",0,0
"02110",0,1575.52860569277
"02122",0,20799.1896535229
"02130",0,0
"02150",0,68.3763912480368
"02158",0,51.2822934360276
"02164",0,48.4332771340261
"02170",0,42755.3657738986
"02180",0,0
"02185",0,1307.79122601156
"02188",0,0
"02195",0,0
"02198",0,2.84901630200153
"02230",0,0
"02240",0,9400.60359998261
"02275",0,11.3960652080061
"02282",0,11.3960652080061
"02290",0,9443.33884451263
"04003",0,22481.720235881
"04007",0,8885.69423874962
"04009",0,7343.39554461696
"04011",0,838.603591408378
"04012",0,824.3951427896
"04015",0,5818.76891203488
"04021",0,73965.7132041464
"04025",0,18036.0604129047
"05001",0,11876.0088801028
"05003",0,8184.03308148429
"05005",0,26820.8769575476
"05007",0,137075.656250909
"05009",0,16059.13942608
"05011",0,7060.98612845813
"05013",0,4041.91541575521
"05015",0,13959.8793767662
"05017",0,6443.17860240138
"05021",0,5428.02942774884
"05023",0,19423.3911681182
"05025",0,7611.66593456995
"05027",0,11410.8736989334
"05029",0,29174.2300607683
"05033",0,23617.501261838
"05035",0,49250.9251289085
"05037",0,4124.89381233516
"05039",0,7073.35197757161
"05041",0,8288.20989995809
"05043",0,10999.3181677603
"05045",0,569513.522512601
"05047",0,2857.82108744659
"05049",0,7874.19771014757
"05051",0,193228.066272247
"05053",0,77245.4425157506
"05055",0,19244.3977701685
"05057",0,14381.3183559839
"05059",0,60576.2378457858
"05061",0,1783.45566058941
"05063",0,17226.0324162468
"05065",0,4814.89222240582
"05067",0,17683.379943929
"05069",0,253240.799442857
"05071",0,25767.2107754395
"05073",0,8786.73436385174
"05075",0,7482.11011446696
"05077",0,4859.4316895459
"05079",0,11289.9995178656
"05081",0,6902.54556662061
"05083",0,5632.07980668844
"05085",0,481251.678180761
"05087",0,3809.18327960727
"05089",0,6956.53561962662
"05091",0,22821.7298778851
"05093",0,14398.3949104687
"05095",0,8083.83083151042
"05097",0,9629.78444481164
"05099",0,2857.82108744659
"05101",0,3082.1925210131
"05103",0,15958.028541658
"05105",0,8589.07025847982
"05107",0,5404.26371265155
"05109",0,4751.53391117228
"05111",0,9624.72935722426
"05113",0,4531.31890711134
"05115",0,60211.4150140655
"05117",0,10104.788539388
"05121",0,10008.307249314
"05123",0,18693.3125938784
"05125",0,1219256.31406041
"05127",0,1673.72675913798
"05129",0,4026.30841961517
"05131",0,58845.0228462622
"05133",0,2047.09565633654
"05135",0,7987.98962505893
"05137",0,3536.67598878581
"05139",0,28509.9603276012
"05141",0,7551.02481475155
"05145",0,156112.522943799
"05147",0,4337.52172136177
"05149",0,21162.9763214813
"06003",0,472.697845267111
"06005",0,48653.8191345935
"06007",0,11283.2712106819
"06009",0,9188.83280390703
"06011",0,1083.43964772746
"06015",0,1588.05594709981
"06021",0,89.4215285138656
"06025",0,32145.9308357804
"06027",0,1025.68182977811
"06031",0,13562.986778706
"06033",0,4816.97129136693
"06035",0,978.793326695002
"06039",0,9756.74617547489
"06043",0,957.037382997619
"06045",0,3551.72297060158
"06049",0,86.5824393662534
"06051",0,689.618867217096
"06057",0,3788.49287481618
"06061",0,128650.62329445
"06063",0,726.499385015501
"06069",0,29607.5455397031
"06089",0,5072.46539767922
"06091",0,440.902258413717
"06093",0,3190.09924453028
"06099",0,223094.335078316
"06101",0,26940.2104942658
"06103",0,22849.1211529736
"06105",0,317.774042375329
"06107",0,40930.8839191173
"06109",0,49601.7718771937
"06115",0,26890.0338887534
"08003",0,110.003761683289
"08007",0,274.553951565515
"08009",0,0
"08011",0,164.550189882227
"08015",0,330.011285049866
"08017",0,0
"08019",0,406.031006160922
"08021",0,0
"08023",0,0
"08025",0,2.84901630200153
"08027",0,0
"08029",0,900.592481093015
"08033",0,0
"08039",0,2559.37340967148
"08043",0,3636.5451601979
"08045",0,1655.48670924178
"08047",0,0
"08051",0,770.026331783021
"08053",0,0
"08055",0,220.007523366578
"08057",0,0
"08061",0,0
"08063",0,0
"08065",0,440.015046733155
"08071",0,626.0385295275
"08073",0,186.023482794345
"08075",0,494.561474932093
"08077",0,2307.99080868404
"08079",0,0
"08081",0,220.007523366578
"08083",0,558.565857322448
"08085",0,1236.33107076993
"08087",0,1389.16179933044
"08089",0,481.455520298334
"08091",0,0
"08093",0,1186.59418355936
"08095",0,0
"08097",0,1256.26690515575
"08099",0,714.56899829867
"08101",0,7916.70095816353
"08103",0,296.027244477634
"08105",0,110.003761683289
"08107",0,832.0568591674
"08109",0,220.007523366578
"08111",0,0
"08113",0,164.550189882227
"08115",0,2.84901630200153
"08117",0,1147.76747314752
"08119",0,2184.0268549367
"08121",0,0
"08125",0,0
"09160",0,435985.898946305
"09180",0,1077324.81315175
"12003",0,32684.1274439791
"12005",0,41406.8531962766
"12007",0,407794.739782253
"12013",0,15576.8017268308
"12015",0,17469.8285152472
"12017",0,51725.1898648255
"12019",0,415097.233215951
"12021",0,35615.3154275596
"12023",0,521108.133109416
"12027",0,5643.79776272577
"12029",0,124795.857275075
"12035",0,171372.523830449
"12037",0,6277.19093071859
"12039",0,86736.4677914056
"12041",0,278525.092296179
"12043",0,3709.86526829948
"12045",0,9072.43277459801
"12047",0,15861.2378244583
"12049",0,3735.68926792538
"12051",0,3948.25873699051
"12053",0,30181.5238420545
"12055",0,13610.9061351592
"12059",0,2974.69215263947
"12061",0,26876.5623088233
"12063",0,16075.1241099995
"12065",0,19124.6127694167
"12067",0,17905.4328216367
"12069",0,81341.2542922608
"12075",0,601068.438963288
"12077",0,4882.40447892425
"12079",0,15148.0002791056
"12083",0,908278.241500739
"12087",0,33759.7158312269
"12089",0,25649.6732071339
"12091",0,44289.0686286872
"12093",0,2839.83787902194
"12097",0,95294.7911826877
"12101",0,223755.529300151
"12103",0,261041.781325327
"12107",0,149177.271212795
"12109",0,92337.8080302191
"12111",0,62181.3678815361
"12113",0,18446.5555498378
"12115",0,78712.4936516101
"12119",0,34897.7873921752
"12121",0,137079.186475698
"12123",0,3485.17362759396
"12125",0,225054.512359451
"12127",0,151573.06831587
"12129",0,62207.0299563148
"12131",0,13114.3400052617
"12133",0,5557.92657366786
"13001",0,8046.09035382008
"13003",0,1347.67362322976
"13005",0,1334.74107618237
"13007",0,1090.15642275398
"13009",0,44713.2239730444
"13011",0,7307.81081813561
"13013",0,355316.469696493
"13015",0,179885.399253072
"13017",0,4209.90000543795
"13019",0,30897.296471615
"13023",0,4712.40490227581
"13025",0,4220.93195583933
"13027",0,16016.2411301317
"13029",0,19333.2510629998
"13033",0,241928.974046082
"13035",0,38600.7347482282
"13037",0,2463.12999391979
"13039",0,55583.7141064513
"13043",0,3823.79899075278
"13045",0,295880.569368886
"13047",0,17674.2122283419
"13049",0,1404.69297785602
"13051",0,241194.570350934
"13053",0,8787.01505879411
"13055",0,40336.9932834013
"13057",0,582563.227337539
"13061",0,1062.77549280604
"13063",0,2239807.91346933
"13065",0,860.175408710891
"13069",0,4608.59022222189
"13071",0,39157.0308912857
"13075",0,8548.13288246516
"13077",0,333780.69584808
"13079",0,11657.494867954
"13081",0,7534.66756666282
"13083",0,27013.9191887057
"13085",0,40661.4249941198
"13087",0,19213.8846347295
"13091",0,7427.24701409634
"13093",0,2704.18374855621
"13097",0,813904.637375479
"13099",0,4681.81733546804
"13101",0,21334.3340718017
"13103",0,28583.383359453
"13105",0,40758.6379611198
"13107",0,24884.9384854869
"13109",0,2638.41718487527
"13111",0,10686.6427770118
"13113",0,742562.319188366
"13115",0,139725.581506396
"13117",0,377856.760655182
"13119",0,37395.6450333712
"13123",0,22538.1561688028
"13125",0,13837.8322258121
"13127",0,67602.4283090192
"13129",0,26618.5686428521
"13131",0,16768.7523830348
"13133",0,40616.766365286
"13135",0,4195701.3416521
"13137",0,41071.9998792432
"13139",0,197206.689880088
"13141",0,9649.5808818163
"13143",0,32958.9932880342
"13145",0,15135.7674480466
"13147",0,59872.3901035524
"13149",0,34301.6882737737
"13151",0,1150275.6362566
"13153",0,83351.541833212
"13155",0,1303.82924744246
"13157",0,343776.478941129
"13159",0,7597.30249251018
"13161",0,5473.17538702903
"13163",0,108307.769373697
"13165",0,41088.4764536133
"13167",0,2773.49755897426
"13169",0,21527.7131308792
"13171",0,20830.3446029243
"13173",0,26248.6010661529
"13175",0,26651.6355845509
"13177",0,14275.1362690804
"13179",0,45935.5413332243
"13181",0,49836.3525340178
"13183",0,9438.14433200275
"13185",0,60020.9285152683
"13187",0,6230.29542902713
"13189",0,246568.249434459
"13191",0,12256.8594291716
"13193",0,8686.66381926852
"13195",0,437530.601294957
"13197",0,5816.49047522969
"13199",0,38320.2380815174
"13201",0,2696.56794250628
"13205",0,9176.37662090218
"13207",0,21573.818504554
"13209",0,3758.03242707184
"13211",0,170508.151200522
"13213",0,10848.3667694791
"13215",0,182020.320796874
"13217",0,562250.380191433
"13219",0,1954132.2894649
"13221",0,393028.142578821
"13223",0,426026.31757066
"13225",0,24200.9736836437
"13227",0,55768.8264049339
"13229",0,2942.99962820813
"13231",0,38158.5060852986
"13233",0,54373.7934830627
"13235",0,2054.39371668511
"13237",0,17140.8753553252
"13239",0,887.477164157842
"13241",0,5141.56918128414
"13243",0,9640.21029148147
"13247",0,621063.03059323
"13249",0,619.031341880757
"13251",0,34748.671726273
"13253",0,1966.70496511051
"13255",0,130525.361534073
"13257",0,80738.149794658
"13259",0,7194.93686343634
"13261",0,10122.513457089
"13263",0,12893.4530731576
"13265",0,3095.15670940378
"13267",0,17877.3273149272
"13269",0,3848.87337783928
"13271",0,7236.51815155987
"13273",0,2268.12545995711
"13275",0,45698.4156683889
"13277",0,40251.8971536323
"13279",0,10024.1679712159
"13281",0,29752.9562630537
"13283",0,6939.68510469913
"13285",0,61508.1618310919
"13287",0,4095.62257307227
"13289",0,6720.43108522688
"13291",0,36489.5298586955
"13293",0,11998.6644213543
"13295",0,32357.3505692225
"13297",0,181967.732248503
"13299",0,6996.28540156148
"13301",0,73152.3000312765
"13303",0,44852.0146327928
"13305",0,9041.6253789944
"13307",0,619.031341880757
"13309",0,3380.06597752022
"13311",0,32087.8065046365
"13313",0,82950.9349781623
"13315",0,8153.60961798783
"13317",0,39245.0663580301
"13319",0,9692.92193433493
"13321",0,24940.3299591244
"15005",0,0
"15007",0,2.84901630200153
"15009",0,574.969873776148
"16003",0,0
"16007",0,0
"16009",0,893.519482159302
"16011",0,1563.72344179341
"16013",0,873.89590876444
"16015",0,0
"16017",0,202.060290133986
"16019",0,4394.52951901191
"16021",0,101.006137793158
"16023",0,0
"16025",0,0
"16029",0,558.070448383035
"16031",0,1265.56644774799
"16033",0,0
"16035",0,0
"16037",0,0
"16039",0,0
"16041",0,744.09393117738
"16043",0,186.284693877551
"16045",0,0
"16047",0,101.006137793158
"16049",0,186.023482794345
"16051",0,906.600059143982
"16053",0,687.872425970095
"16055",0,3773.22838646564
"16059",0,955.614380118485
"16061",0,0
"16063",0,0
"16065",0,1214.15503031969
"16067",0,0
"16071",0,0
"16073",0,0
"16075",0,0
"16077",0,186.023482794345
"16079",0,186.023482794345
"16081",0,0
"16083",0,0
"16085",0,0
"16087",0,0
"17001",0,4741.197260856
"17003",0,3246.45750344673
"17005",0,3000.00335612517
"17007",0,11717.0244205067
"17009",0,561.063757265889
"17011",0,9190.16364771083
"17013",0,178.812052556462
"17015",0,3957.02684858599
"17017",0,111496.83796781
"17021",0,2118.46163771275
"17023",0,299.255596578386
"17025",0,670.602757072725
"17027",0,13391.8032425302
"17033",0,626.870561316044
"17035",0,681.30216486861
"17039",0,11007.3585433509
"17041",0,3385.59039633537
"17045",0,971.916674996103
"17047",0,1256.83789793338
"17049",0,1378.88704209609
"17051",0,1656.26396193511
"17053",0,2863.72246480367
"17055",0,1423.13854209481
"17057",0,7634.902063443
"17059",0,144.97973390423
"17061",0,56326.7927027979
"17063",0,103071.000013113
"17065",0,194.064657516902
"17067",0,9511.26526236616
"17069",0,1810.3228909457
"17071",0,24.4099193292415
"17073",0,15142.3097355036
"17075",0,3575.84449283297
"17079",0,964.21716387374
"17081",0,1866.94360417197
"17083",0,69818.9629494362
"17085",0,853.941651339269
"17087",0,4789.57628475107
"17089",0,600360.18534077
"17091",0,109879.235685869
"17093",0,148470.79501623
"17095",0,18905.6780801149
"17099",0,38950.169502361
"17101",0,4013.64732143298
"17103",0,16335.6103246736
"17105",0,9424.74035820998
"17107",0,9750.24842301633
"17109",0,10161.6351353197
"17111",0,349771.84659856
"17117",0,124155.953232439
"17121",0,6407.6877835048
"17123",0,3510.27658851089
"17125",0,161.284410662234
"17127",0,0
"17129",0,3589.35577710976
"17131",0,2949.2529062168
"17133",0,63989.2069790528
"17135",0,6746.81403277498
"17139",0,6368.9094530821
"17141",0,25445.9515372705
"17143",0,70167.9043326852
"17145",0,1580.32283147352
"17147",0,13091.8704315235
"17149",0,684.492782720205
"17151",0,9.40829553539524
"17153",0,1213.04951564895
"17155",0,155.498827810378
"17157",0,57859.3072253908
"17159",0,1143.26143709689
"17161",0,64855.542168557
"17163",0,793883.807353546
"17165",0,4690.52932078397
"17169",0,119.208035037641
"17171",0,88.1460669550644
"17173",0,1726.654501627
"17175",0,84.0139368480621
"17177",0,21329.4893868267
"17179",0,46158.8576735298
"17181",0,3531.6834602009
"17183",0,15737.4307637457
"17185",0,3542.06380905328
"17187",0,3627.50049589286
"17189",0,1331.51177236394
"17191",0,248.93516398143
"17193",0,585.565773415016
"17195",0,26529.8916118036
"17199",0,5116.40246826319
"17201",0,111719.202817842
"17203",0,11872.9539457634
"18001",0,17035.2619255198
"18003",0,817763.393064285
"18005",0,64273.3393870211
"18007",0,37499.899943133
"18009",0,3340.11640950067
"18013",0,15923.5885499148
"18015",0,47356.8497894164
"18017",0,18459.7210562176
"18019",0,339609.303831059
"18021",0,12781.2714038625
"18023",0,44393.5828870621
"18025",0,16332.9267123131
"18027",0,10461.9921204177
"18029",0,75614.0013331538
"18031",0,16137.2503379154
"18033",0,5845.59646160345
"18037",0,9661.29536247533
"18039",0,53828.7964051405
"18041",0,11472.1181001267
"18043",0,471609.376913314
"18045",0,29482.3439089918
"18047",0,25603.0022814808
"18049",0,5719.1021377066
"18051",0,7768.50750362118
"18053",0,22664.7436882082
"18055",0,23486.8098309189
"18057",0,1069921.94528111
"18059",0,242603.575811837
"18061",0,90039.761602951
"18063",0,619847.616046436
"18065",0,24739.2640940257
"18067",0,49768.9461798672
"18069",0,16374.7706250065
"18071",0,34036.8145609297
"18073",0,15329.1727708867
"18075",0,7274.23669506616
"18077",0,15163.6324982234
"18079",0,16762.5095161178
"18081",0,509496.44971088
"18083",0,11343.3480723099
"18087",0,8760.72404451963
"18091",0,80005.4050173134
"18093",0,26456.2062668175
"18095",0,118434.649331259
"18099",0,11041.7741642273
"18101",0,2180.27853826684
"18103",0,16640.3011696255
"18107",0,38880.8680112733
"18109",0,186371.034963671
"18111",0,8870.9557387981
"18113",0,8723.51485033237
"18115",0,7161.7036262067
"18117",0,13284.6651616418
"18119",0,25863.6833795174
"18121",0,11070.0863131821
"18123",0,5344.68132953223
"18125",0,4621.44435709955
"18129",0,5955.52819684158
"18131",0,5028.50757688433
"18133",0,36151.3066248559
"18135",0,14345.3115413709
"18137",0,16434.7260392125
"18139",0,9503.11413361832
"18143",0,15894.5778313102
"18145",0,68217.7911984737
"18147",0,4286.22819935354
"18149",0,7893.89422576949
"18151",0,6304.78895043432
"18153",0,6476.98531342296
"18155",0,3105.85761994
"18159",0,10490.1673775652
"18161",0,4633.65750735143
"18163",0,62167.6285373958
"18165",0,4177.59815188389
"18169",0,16697.5872964779
"18171",0,34495.6066700405
"18173",0,24824.2665754772
"18175",0,23016.0467042773
"18177",0,38309.0939225504
"18179",0,10608.6464451876
"18181",0,56568.4367026442
"18183",0,13965.6960949879
"19001",0,1176.12543730273
"19003",0,1176.12543730273
"19005",0,3849.35632314455
"19007",0,1960.20906217122
"19009",0,264.510347151096
"19011",0,34828.6297146956
"19013",0,17756.6253499314
"19015",0,7322.7110803052
"19017",0,4954.58148383885
"19019",0,7138.69891534331
"19021",0,208.98494116819
"19023",0,1944.67266695624
"19025",0,199.576645632794
"19027",0,2299.03489151429
"19029",0,7178.72994369754
"19031",0,115897.711630783
"19033",0,4086.92472825103
"19035",0,1014.49938341649
"19037",0,2633.1189793264
"19039",0,2747.99689144665
"19041",0,0
"19043",0,5801.26336467963
"19045",0,18435.2119553554
"19047",0,14197.7282702398
"19049",0,14183.8065168577
"19051",0,2352.25087460547
"19053",0,3623.62524065144
"19055",0,5063.10732250877
"19057",0,20591.4269370072
"19059",0,1056.61157231877
"19061",0,40835.3289892423
"19063",0,144.051239649888
"19065",0,2281.18907340758
"19067",0,1839.16250240777
"19069",0,1536.24608988299
"19071",0,6226.97593996131
"19073",0,11646.1250678825
"19075",0,3537.63470462693
"19077",0,3860.5500695881
"19079",0,1204.35032390892
"19081",0,1728.61487579866
"19083",0,942.015528174608
"19085",0,4392.84388208411
"19087",0,32089.7620024236
"19089",0,1896.38163555217
"19091",0,0
"19093",0,466.383809487941
"19095",0,121934.250437996
"19097",0,4457.43967068092
"19099",0,7927.66904145167
"19101",0,3501.77308238114
"19105",0,21374.6369398969
"19107",0,5320.91499521168
"19109",0,1559.86522910084
"19111",0,12714.8436584756
"19113",0,396146.24227379
"19115",0,23141.1183226626
"19117",0,2105.18879607545
"19119",0,224.371433566507
"19121",0,1960.20906217122
"19123",0,7816.33452209779
"19125",0,7875.10010796964
"19127",0,6297.01986406124
"19129",0,8602.65842368903
"19131",0,2681.57153531992
"19133",0,649.179029650163
"19135",0,1863.77355534353
"19137",0,3298.8129315825
"19139",0,114451.652979171
"19141",0,311.695103655904
"19143",0,160.054779035981
"19145",0,18047.940326631
"19147",0,200.644291690092
"19149",0,2152.68683516035
"19151",0,335.422245532319
"19155",0,92974.367321746
"19157",0,12433.7789710077
"19159",0,1176.12543730273
"19161",0,688.485433419565
"19165",0,1349.19495301971
"19167",0,1424.89972801488
"19171",0,6627.08939200947
"19173",0,1176.12543730273
"19175",0,4654.77094404994
"19177",0,1692.98887494608
"19179",0,4749.31144692788
"19181",0,9644.83844008947
"19183",0,183284.170698482
"19185",0,1345.63109788249
"19187",0,3200.0390303455
"19189",0,1400.40048998346
"19191",0,2712.27514629994
"19193",0,14601.2938526107
"19195",0,1792.44230241771
"19197",0,630.721754449637
"20001",0,346.598346914752
"20003",0,0
"20005",0,7665.04398560952
"20007",0,1472.99297905649
"20009",0,56035.413313301
"20011",0,2130.13218467274
"20013",0,3727.62059995582
"20015",0,8488.66910933797
"20017",0,1732.99173457376
"20019",0,0
"20021",0,2989.6327902766
"20023",0,0
"20025",0,1436.93549084324
"20027",0,267.73737968121
"20029",0,346.598346914752
"20031",0,2079.59008148851
"20033",0,0
"20035",0,4419.31031420305
"20037",0,1654.13076734022
"20039",0,346.598346914752
"20041",0,2898.73145295909
"20043",0,346.598346914752
"20047",0,0
"20049",0,0
"20053",0,3939.65419727623
"20055",0,2593.62108262988
"20057",0,2354.50361823925
"20059",0,4434.09369972776
"20061",0,3437.66460509821
"20063",0,0
"20065",0,0
"20067",0,1301.24303767601
"20069",0,21.9221878936486
"20071",0,0
"20073",0,0
"20075",0,2.84901630200153
"20077",0,0
"20079",0,4886.1508596447
"20081",0,0
"20083",0,693.196693829503
"20085",0,693.196693829503
"20087",0,14311.6164298733
"20089",0,0
"20093",0,0
"20095",0,21.9221878936486
"20097",0,693.196693829503
"20099",0,2544.58144538181
"20101",0,0
"20103",0,24025.6426530008
"20105",0,0
"20107",0,112.568099087353
"20109",0,693.196693829503
"20111",0,7715.23778505378
"20113",0,2391.5801816045
"20115",0,1386.39338765901
"20117",0,346.598346914752
"20119",0,0
"20121",0,16218.4577131347
"20123",0,2051.2712174392
"20125",0,4062.79367120609
"20127",0,693.196693829503
"20129",0,0
"20131",0,4326.30545177911
"20133",0,693.196693829503
"20135",0,1436.93549084324
"20137",0,0
"20139",0,7381.71599778736
"20141",0,0
"20143",0,696.045710131505
"20145",0,3220.46932860123
"20147",0,0
"20149",0,9511.8481824601
"20151",0,261.447996931757
"20153",0,0
"20155",0,2397.86956435395
"20157",0,346.598346914752
"20159",0,0
"20163",0,0
"20165",0,0
"20167",0,693.196693829503
"20169",0,5968.49191139666
"20171",0,2.84901630200153
"20175",0,346.598346914752
"20177",0,48490.5685847903
"20179",0,0
"20181",0,0
"20183",0,0
"20185",0,1436.93549084324
"20187",0,0
"20189",0,0
"20191",0,1575.26980010668
"20193",0,0
"20195",0,0
"20197",0,346.598346914752
"20199",0,0
"20201",0,0
"20203",0,0
"20205",0,346.598346914752
"20207",0,0
"21001",0,16414.4938910738
"21003",0,22525.8040140294
"21005",0,276596.907623106
"21007",0,5281.15486396416
"21009",0,53602.1639139953
"21011",0,30756.658665419
"21013",0,22587.7937282201
"21015",0,215804.159777988
"21017",0,72464.0903338882
"21019",0,30226.763799081
"21021",0,86100.9999465603
"21023",0,6401.274645599
"21025",0,881.17602595668
"21027",0,22856.4890906632
"21029",0,278430.708708831
"21031",0,17150.7565420771
"21033",0,1810.60171093623
"21035",0,15720.6383808325
"21039",0,2995.81920385251
"21041",0,5325.14413911925
"21043",0,5310.08769120269
"21045",0,5587.11130324946
"21047",0,47024.1338929773
"21049",0,157439.340721641
"21051",0,31173.7159387943
"21053",0,5778.6214543411
"21055",0,4387.2203290968
"21057",0,6830.53927178266
"21059",0,41347.5583601794
"21061",0,25271.8211832273
"21063",0,6144.55595312095
"21065",0,29292.167221138
"21069",0,24330.6912918577
"21071",0,11116.9612149939
"21073",0,119257.582824146
"21075",0,1564.16867789496
"21077",0,10049.3979875133
"21079",0,56293.1984571717
"21081",0,18736.0805937873
"21083",0,18817.2243263015
"21085",0,21791.8132709329
"21087",0,14371.6836943638
"21089",0,21462.2455529093
"21091",0,535.480077695365
"21095",0,14398.5106057975
"21097",0,27383.5045886719
"21099",0,36571.3731619384
"21101",0,16728.3928806558
"21103",0,30030.811320664
"21105",0,144.97973390423
"21107",0,24982.1733209865
"21109",0,10791.2023043156
"21115",0,8842.35652919986
"21117",0,345215.282787517
"21119",0,5395.60115215782
"21121",0,11540.1571052788
"21123",0,31480.8825584596
"21125",0,78092.8439091209
"21127",0,10340.2661311261
"21129",0,5395.60115215782
"21131",0,9098.79084782558
"21133",0,5395.60115215782
"21135",0,7191.86762465578
"21137",0,34182.3440298802
"21139",0,1689.41975301789
"21141",0,32761.5258837528
"21143",0,2268.11100120941
"21145",0,26831.9144284391
"21147",0,12438.7647987221
"21149",0,3463.84118044546
"21151",0,372245.649694176
"21153",0,5395.60115215782
"21155",0,17761.2651347522
"21157",0,5483.32038687289
"21159",0,3945.66061036384
"21161",0,34105.6583313101
"21163",0,52283.9998491584
"21165",0,9092.5464469799
"21167",0,42101.6911911159
"21169",0,7014.31276367941
"21171",0,8738.28407182715
"21173",0,90584.5810304323
"21175",0,2947.75968380671
"21177",0,14253.7738017805
"21179",0,95175.3250827314
"21181",0,16935.7582574366
"21183",0,9702.14315440259
"21187",0,5997.15326344922
"21189",0,50.4446477430313
"21191",0,15343.8533671996
"21193",0,13717.2406883824
"21197",0,18212.7209389371
"21199",0,29429.0150199111
"21201",0,256.434318625717
"21203",0,8093.40172823673
"21205",0,64408.1260325259
"21207",0,3638.26552813368
"21209",0,254867.816413417
"21211",0,119603.962016732
"21213",0,28265.8397319833
"21215",0,46025.8459109243
"21217",0,8476.42203042001
"21219",0,5590.65105701887
"21221",0,4349.8765034769
"21223",0,3446.75537704204
"21225",0,2925.49101067921
"21229",0,6927.2787154257
"21231",0,15541.1311825481
"21233",0,1044.56110656968
"21235",0,9656.23549769707
"21237",0,0
"21239",0,259002.137156307
"22001",0,21926.2360295344
"22003",0,2731.66065284471
"22005",0,141366.192258446
"22007",0,23580.3079917419
"22009",0,3639.27959146639
"22011",0,3651.06092312418
"22013",0,4522.27165605805
"22015",0,13263.4524557965
"22019",0,57302.0510115841
"22021",0,1410.31745214913
"22023",0,228.997625183381
"22025",0,866.338270681897
"22027",0,3168.86196820877
"22029",0,643.657108726314
"22031",0,4286.64350357185
"22035",0,1254.27909010769
"22037",0,9668.30876346852
"22039",0,22623.9206878052
"22041",0,2822.73174079381
"22043",0,1994.76040877253
"22045",0,22728.3371026036
"22047",0,41019.0090147506
"22049",0,1441.85194419559
"22051",0,3792073.6541343
"22053",0,2516.09105578189
"22057",0,113730.985761078
"22059",0,2222.52922896272
"22063",0,154452.018087512
"22065",0,1017.80742602789
"22067",0,2604.8015117427
"22069",0,9967.91273393453
"22075",0,45720.5991230147
"22077",0,14768.8981982967
"22079",0,80275.6311633103
"22081",0,3377.00856247216
"22083",0,1759.5223833818
"22085",0,2631.30692604857
"22087",0,195287.124424307
"22089",0,201158.46003973
"22091",0,4907.39008779308
"22093",0,20065.5695094583
"22095",0,154847.411754531
"22097",0,37734.3032120086
"22099",0,40407.8585811365
"22101",0,15507.085423582
"22103",0,951927.114342357
"22105",0,155010.625619526
"22107",0,721.382220635881
"22109",0,46205.0845708907
"22111",0,3431.06103605318
"22113",0,30210.8761243941
"22115",0,8762.65068136815
"22117",0,229316.957103793
"22119",0,8539.4886641831
"22121",0,54991.1763056551
"22123",0,708.022888577309
"22125",0,16108.600639506
"22127",0,3308.8072413398
"23003",0,5245.68923447409
"23007",0,4311.87017683999
"23011",0,34720.8742290153
"23013",0,6950.17687990116
"23017",0,7532.09544650816
"23021",0,3989.03331766886
"23023",0,5876.23187869801
"23025",0,5634.25335147763
"23027",0,8703.72819262687
"23029",0,29462.9621336803
"30001",0,186.62079571124
"30003",0,186.119511889685
"30007",0,62.0948979591837
"30009",0,186.071497342015
"30011",0,191.510151091637
"30015",0,62.1909270545233
"30017",0,753.357807722929
"30019",0,267.73737968121
"30021",0,62.0948979591837
"30023",0,249.387897337801
"30025",0,0
"30027",0,124.189795918367
"30029",0,1725.71839035954
"30033",0,0
"30037",0,0
"30039",0,0.192058190679257
"30041",0,124.285825013707
"30043",0,435.528547572342
"30045",0,0
"30051",0,191.510151091637
"30053",0,21535.1704216825
"30055",0,62.0948979591837
"30057",0,186.284693877551
"30059",0,124.237810466037
"30061",0,516.61572473397
"30065",0,62.0948979591837
"30067",0,1056.18943987816
"30069",0,0
"30071",0,0.0480145476698142
"30073",0,505.335456064741
"30075",0,0
"30077",0,1018.23743810204
"30079",0,0
"30081",0,1247.115548437
"30083",0,186.071497342015
"30085",0,62.1909270545233
"30087",0,329.928306735734
"30089",0,101.102166888498
"30091",0,62.0948979591837
"30093",0,2124.90930044253
"30095",0,62.0948979591837
"30097",0,0
"30099",0,0
"30101",0,0
"30103",0,0
"30105",0,310.213278712712
"30107",0,267.78539422888
"30109",0,0
"31001",0,18103.0976138885
"31003",0,787.382745772397
"31005",0,0
"31007",0,0
"31009",0,375.024933646533
"31011",0,759.458162828462
"31013",0,750.049867293066
"31015",0,0
"31017",0,423.735613633893
"31021",0,40404.1903752536
"31023",0,8677.55277412002
"31025",0,68272.0883866827
"31027",0,9030.88338044922
"31029",0,9.40829553539524
"31031",0,141.245204544631
"31033",0,12636.2894427433
"31035",0,3651.0877702875
"31037",0,1432.89622343295
"31039",0,6431.60641522756
"31041",0,1855.00425015099
"31043",0,1462.31425474249
"31045",0,461.368795775474
"31047",0,11119.4972337476
"31049",0,9.40829553539524
"31051",0,2078.11999161304
"31053",0,30178.032796494
"31057",0,141.245204544631
"31059",0,1139.36993189244
"31061",0,0
"31063",0,5797.17043541279
"31065",0,375.024933646533
"31067",0,19018.1471843078
"31069",0,0
"31071",0,3500.43427020748
"31073",0,375.024933646533
"31075",0,141.245204544631
"31077",0,9.40829553539524
"31079",0,31998.3366540763
"31081",0,5214.19331581384
"31083",0,141.245204544631
"31085",0,141.245204544631
"31087",0,150.653500080026
"31089",0,894.512704944761
"31091",0,0
"31093",0,6814.11175383139
"31095",0,4589.1560006282
"31097",0,11594.3408708256
"31099",0,3792.33297483213
"31101",0,4084.23167945679
"31103",0,9.40829553539524
"31105",0,452.451629064498
"31107",0,1206.87904379877
"31111",0,8626.81913729142
"31113",0,5655.92523086816
"31115",0,0
"31117",0,0
"31119",0,43296.9136685196
"31121",0,1996.24945469562
"31123",0,28.2248866061857
"31125",0,1178.80049463943
"31127",0,4761.84372488608
"31129",0,169.470091150817
"31131",0,24001.3434215753
"31133",0,9288.19641008487
"31135",0,301.307000160052
"31137",0,3792.33297483213
"31139",0,4141.0371970624
"31141",0,23682.0271276099
"31143",0,1186.41140956942
"31145",0,1495.57827446818
"31147",0,13295.4925229481
"31149",0,160.061795615421
"31151",0,20708.9523734965
"31153",0,444304.989941473
"31155",0,46668.0624260695
"31157",0,2667.69455308476
"31159",0,52696.665037532
"31161",0,243.188024637298
"31163",0,442.552204704683
"31165",0,141.245204544631
"31167",0,1303.65288396356
"31169",0,9438.84991016489
"31171",0,0
"31173",0,449.06662703798
"31175",0,507.485906222984
"31177",0,45348.5473832663
"31179",0,1940.53376419367
"31181",0,160.061795615421
"31183",0,3349.78077012745
"31185",0,10964.5572464292
"32001",0,359.657040575099
"32005",0,670.742628030735
"32007",0,545.680523369444
"32009",0,0
"32011",0,0
"32013",0,173.164878732507
"32015",0,322.465119131472
"32017",0,0
"32019",0,268.120036750392
"32021",0,0
"32023",0,322.847776200654
"32027",0,136.441636337127
"32029",0,0.19132853459107
"32033",0,388.090936120526
"32510",0,577.726551820027
"33001",0,21996.793548313
"33003",0,40622.6410525157
"33007",0,10189.8966225754
"33019",0,44866.6302215233
"34001",0,386037.939500576
"34005",0,1384733.16217903
"34009",0,74300.2617553067
"34011",0,48804.7732518646
"34025",0,539923.107064348
"34029",0,221159.4945257
"34031",0,379165.212237649
"34033",0,120700.607412772
"34037",0,77509.8812740842
"34041",0,27100.4198082326
"35003",0,0
"35005",0,19237.2466535454
"35006",0,2447.63858984419
"35007",0,0
"35009",0,2.84901630200153
"35011",0,0
"35015",0,2580.33628424748
"35017",0,6167.7367695323
"35019",0,2.84901630200153
"35021",0,0
"35023",0,5278.22314806772
"35025",0,2096.34001270238
"35027",0,0
"35028",0,240.825150835533
"35029",0,4238.87398190085
"35031",0,1342.17253518022
"35033",0,0
"35035",0,14581.8097852944
"35037",0,0
"35039",0,0
"35041",0,0
"35045",0,1209.8363922265
"35047",0,0
"35049",0,9570.50842105291
"35051",0,3182.00450272764
"35053",0,259.837291541717
"35055",0,0
"35057",0,802.730220235498
"35059",0,0
"35061",0,8481.04698311155
"36003",0,40644.4981168238
"36009",0,47349.8368934027
"36011",0,21593.7295504398
"36013",0,173582.546228463
"36015",0,20877.5181663784
"36017",0,10762.8903882924
"36019",0,9215.59461089007
"36021",0,66316.3677422218
"36023",0,8786.9411783283
"36025",0,16955.5967124711
"36031",0,7312.6446906318
"36035",0,16744.5106420569
"36037",0,236282.346570448
"36039",0,114440.952941519
"36041",0,1186.91585642331
"36043",0,9354.90232933896
"36045",0,14473.2144057581
"36049",0,3565.89975952681
"36051",0,347347.440965977
"36053",0,38639.515398288
"36057",0,13220.6965818535
"36063",0,543352.090988149
"36069",0,533495.723016705
"36071",0,626766.150721946
"36073",0,426416.752283996
"36077",0,9151.0993602243
"36095",0,8139.17577124213
"36099",0,7943.90429826246
"36101",0,209759.214161381
"36105",0,163109.045909713
"36111",0,183076.723320295
"36113",0,26014.7074660562
"36115",0,17714.6503962491
"36117",0,1011016.91081581
"36121",0,129705.979388322
"36123",0,1540.78736627977
"37003",0,479015.517700719
"37005",0,14156.1924990544
"37007",0,52419.6504894142
"37009",0,242708.99922774
"37011",0,11400.4650499835
"37013",0,48346.2000374197
"37015",0,21878.0277295888
"37017",0,50008.1743151803
"37019",0,777251.90200717
"37023",0,516480.276075557
"37027",0,317690.644632849
"37029",0,12137.9929808828
"37031",0,508795.26157021
"37033",0,3014922.05166779
"37035",0,435329.496764386
"37039",0,12966.3442457227
"37041",0,247884.038552008
"37043",0,12397.5902937403
"37045",0,292234.607122591
"37047",0,499422.658415642
"37049",0,776684.138149046
"37053",0,466252.318887897
"37055",0,262188.123962961
"37057",0,2177018.46099301
"37059",0,972616.020970581
"37061",0,1160127.00953572
"37065",0,953493.901539001
"37069",0,4943971.32907677
"37071",0,1849920.27601761
"37073",0,10656.0951216672
"37075",0,5467.46049681741
"37077",0,12612494.8022771
"37079",0,44637.3603229357
"37083",0,720414.332628555
"37085",0,3726527.80544657
"37087",0,45981.8733771547
"37089",0,1177285.77708443
"37091",0,249443.7705028
"37093",0,500417.532198185
"37095",0,3636.57798923699
"37097",0,2312285.23938009
"37099",0,257360.967220511
"37101",0,9536540.54945805
"37103",0,11559.880726384
"37105",0,1316684.96909977
"37107",0,288563.558507055
"37111",0,43020.3138983035
"37113",0,474112.923850007
"37115",0,242520.12926623
"37117",0,457545.286126191
"37121",0,14868.4459029839
"37123",0,32783.38986655
"37125",0,567773.445456737
"37127",0,348100.227205055
"37131",0,26036.3309071721
"37133",0,1981232.65366551
"37137",0,455006.866787173
"37139",0,45314.4828436623
"37141",0,502066.586212236
"37143",0,13978.4801643861
"37145",0,10528256.6456663
"37149",0,14787.901017444
"37151",0,2259383.64616219
"37153",0,506290.580506546
"37157",0,2891540.91555395
"37159",0,1127885.98875476
"37161",0,66823.3067159865
"37163",0,300384.569718
"37165",0,268149.405779588
"37167",0,318300.184681991
"37169",0,927417.549140297
"37171",0,1101686.67190715
"37173",0,11600.3943242031
"37175",0,45230.1788393061
"37177",0,8413.90825779893
"37181",0,2991202.72941421
"37185",0,1377883.80937975
"37187",0,13863.9451008111
"37191",0,832568.024992709
"37193",0,318195.910027726
"37195",0,759768.637722583
"37199",0,237960.244261232
"38001",0,0
"38003",0,308.883980567904
"38005",0,185.330388340742
"38007",0,0
"38009",0,267.60483187705
"38011",0,61.7767961135807
"38013",0,123.553592227161
"38015",0,3425.57814454155
"38019",0,61.7767961135807
"38021",0,61.7767961135807
"38023",0,144.051239649888
"38025",0,61.7767961135807
"38027",0,185.330388340742
"38029",0,123.553592227161
"38031",0,0
"38033",0,61.7767961135807
"38037",0,61.7767961135807
"38039",0,0
"38041",0,0
"38043",0,61.7767961135807
"38045",0,185.330388340742
"38047",0,0
"38049",0,123.553592227161
"38051",0,247.107184454323
"38053",0,61.7767961135807
"38055",0,240.855794323648
"38057",0,123.553592227161
"38059",0,611.516571005133
"38061",0,308.883980567904
"38063",0,254.463895326204
"38065",0,0
"38067",0,370.660776681484
"38069",0,247.107184454323
"38071",0,1173.75912615803
"38073",0,61.7767961135807
"38075",0,61.7767961135807
"38077",0,61.7767961135807
"38079",0,426.18618266439
"38081",0,123.553592227161
"38083",0,123.553592227161
"38085",0,0
"38087",0,61.7767961135807
"38089",0,471.47861802083
"38091",0,61.7767961135807
"38093",0,308.883980567904
"38095",0,0
"38097",0,3150.61660179262
"38099",0,926.651941703711
"38101",0,2797.3589878079
"38103",0,61.7767961135807
"38105",0,821.357893434187
"39001",0,8190.58288679055
"39003",0,57027.2183999329
"39007",0,78081.8634308206
"39011",0,7847.69759872661
"39013",0,26255.34415667
"39015",0,31190.2409358845
"39019",0,6869.37810055717
"39021",0,19047.2742197635
"39023",0,60181.3104833012
"39025",0,370646.866594299
"39027",0,34568.979169134
"39029",0,40305.678827826
"39031",0,24775.8024832234
"39033",0,41299.025220161
"39037",0,13841.3004446219
"39039",0,1400.57047306744
"39041",0,1396838.18906913
"39043",0,27802.6337043253
"39045",0,434987.357166395
"39047",0,16874.4722958317
"39051",0,46147.8337032428
"39053",0,5330.78230051616
"39055",0,272767.813914013
"39059",0,3708.69949427082
"39063",0,17489.6322130724
"39065",0,1188.32888679286
"39067",0,1497.74646890361
"39069",0,5716.84078686202
"39071",0,24588.6715271015
"39073",0,8637.28837116165
"39075",0,14614.4009416944
"39077",0,17031.3198830525
"39079",0,1365.92373648296
"39081",0,37766.5410680353
"39083",0,24685.0287396101
"39085",0,662655.927236544
"39087",0,6133.43200009796
"39091",0,20232.7675891891
"39093",0,393068.195152906
"39097",0,170352.07779524
"39099",0,142771.603268994
"39101",0,62956.3754509566
"39103",0,300904.465694429
"39105",0,8925.8989675971
"39107",0,853.710779152415
"39109",0,40602.5283604478
"39111",0,9455.00534785084
"39115",0,480.614532822335
"39117",0,24918.5408002471
"39119",0,69072.0744716855
"39121",0,384.312557847903
"39123",0,30709.0685470801
"39125",0,4472.04814003919
"39127",0,22063.1411699141
"39129",0,212925.751619861
"39131",0,17590.0273937936
"39135",0,7631.71002759597
"39137",0,6668.7153623596
"39139",0,31263.4995186637
"39141",0,45181.5586227176
"39143",0,18661.5604437419
"39145",0,27800.948876999
"39147",0,21945.7060414045
"39149",0,17242.6984698531
"39151",0,227151.989790895
"39155",0,137273.534539558
"39157",0,42866.9053169477
"39161",0,1286.5084349464
"39163",0,2734.52823297508
"39165",0,310095.937719044
"39167",0,25623.8337630043
"39171",0,11382.8856657532
"39175",0,380.760876411368
"40001",0,74780.3155714455
"40003",0,2791.31705760362
"40005",0,3145.29860383674
"40007",0,765.008786578063
"40009",0,5132.35762730455
"40011",0,3106.67357481921
"40013",0,5216.42777022596
"40015",0,8291.98380911938
"40017",0,155985.881790265
"40019",0,3761.06641981596
"40023",0,261.447996931757
"40025",0,248.145348934716
"40029",0,522.895993863514
"40031",0,40619.1852753644
"40033",0,261.447996931757
"40035",0,2888.09830926553
"40037",0,46864.8617650363
"40039",0,9085.67276478818
"40041",0,9593.07916782548
"40043",0,509.593345866473
"40045",0,1488.87209360829
"40047",0,11926.4213702593
"40049",0,17035.5531294709
"40051",0,57100.1860961923
"40053",0,2494.7561373442
"40055",0,2576.06638741244
"40057",0,1032.74616625927
"40059",0,765.008786578063
"40061",0,6446.73991400588
"40063",0,3910.30739041481
"40065",0,6514.21660937804
"40067",0,1001.7678933743
"40069",0,1549.35277737333
"40071",0,14856.3341279807
"40073",0,5276.26183711019
"40075",0,1791.46557008788
"40077",0,13009.4729768625
"40079",0,12513.5688524065
"40081",0,30699.667391316
"40083",0,54970.5315829
"40085",0,2085.80824576318
"40087",0,129770.64455358
"40089",0,9222.79735467545
"40091",0,3155.57886241746
"40093",0,1790.22803453117
"40095",0,3414.27351907466
"40097",0,16398.8422555588
"40099",0,2334.93430372531
"40101",0,59881.5007516652
"40103",0,17417.3524611981
"40105",0,2046.88101079947
"40107",0,3700.20446352996
"40111",0,8326.22154620839
"40113",0,18406.944203758
"40115",0,2544.850345992
"40117",0,13543.5561821665
"40121",0,20082.3379354751
"40123",0,5139.55400932598
"40127",0,1001.53012483883
"40129",0,1033.72687528669
"40131",0,47788.5767641078
"40133",0,11708.8136981414
"40135",0,36598.7378969043
"40137",0,8310.46526025013
"40139",0,2914.5873467199
"40141",0,2066.21621501668
"40145",0,43996.4496979804
"40147",0,17570.2451867556
"40149",0,2577.04709643986
"40151",0,2543.1717086689
"40153",0,3456.61608672737
"41001",0,110.003761683289
"41007",0,6123.53864070693
"41009",0,18274.7779386598
"41011",0,1707.38787422244
"41013",0,1689.99083609112
"41015",0,406.873567474634
"41017",0,13477.3409018127
"41019",0,2334.91989151983
"41021",0,0
"41023",0,505.030688965791
"41025",0,248.061584394842
"41027",0,715.210491857803
"41029",0,4058.3704058516
"41031",0,2329.72510577766
"41033",0,1221.19468802768
"41035",0,1046.16233154336
"41037",0,0
"41041",0,2914.75429757468
"41043",0,9657.97979155603
"41045",0,202.012275586316
"41047",0,40396.5763328333
"41049",0,404.024551172633
"41053",0,8836.82537403347
"41055",0,0
"41057",0,3838.4245646746
"41059",0,735.80648744263
"41061",0,0
"41063",0,110.003761683289
"41065",0,1384.79137070582
"41069",0,0
"41071",0,13397.2122010169
"24001",0,16711.869931384
"24009",0,75074.9686710336
"24011",0,26207.9622397823
"24013",0,356776.814051922
"24015",0,162696.970699767
"24017",0,83370.6911956269
"24019",0,118439.523320413
"24023",0,16434.7984943519
"24025",0,918582.153217329
"24029",0,22415.3956427081
"24035",0,23450.3033367706
"24037",0,47628.2881331445
"24041",0,19323.6069746626
"24043",0,106430.325821976
"24047",0,5958.74092425496
"25003",0,137702.967030945
"25007",0,26002.3366089154
"25011",0,103515.018867232
"25019",0,14407.1210245138
"26001",0,6981.44980838797
"26003",0,5631.97316070871
"26007",0,9096.01163833514
"26009",0,9849.62917709555
"26011",0,5712.2044208209
"26013",0,1422.0009377483
"26015",0,30928.1235875964
"26017",0,62663.1112177424
"26019",0,7249.71770889392
"26021",0,127216.209915809
"26023",0,22647.5928265174
"26025",0,77065.5927714947
"26027",0,32910.3473743982
"26029",0,11496.7634510266
"26031",0,8030.43413925483
"26033",0,11914.4484347439
"26035",0,52735.8119854101
"26037",0,172439.233545944
"26039",0,2255.53802090057
"26041",0,13253.8770969513
"26043",0,8015.58381414443
"26045",0,298262.838283059
"26047",0,14602.3987115348
"26051",0,11946.0274255018
"26053",0,1388.03741044623
"26055",0,29281.2066910102
"26057",0,67769.7767519757
"26059",0,290531.641655871
"26063",0,19409.2119213669
"26067",0,47375.4703065956
"26069",0,16927.9313226126
"26071",0,3510.00528557747
"26075",0,804929.758826972
"26079",0,6940.18705223115
"26083",0,0
"26085",0,7597.04275460946
"26087",0,47205.1126188655
"26089",0,7343.13518733527
"26091",0,544222.981275497
"26093",0,2871091.22662102
"26095",0,130.821389152244
"26097",0,3510.00528557747
"26101",0,16730.5839060518
"26105",0,20510.4140015477
"26107",0,37788.3055475079
"26109",0,11587.1829905022
"26111",0,93080.6649109204
"26113",0,3008.80721717891
"26115",0,895610.536736131
"26117",0,40832.4942595476
"26119",0,4819.04986382561
"26123",0,23899.3233013248
"26127",0,14935.0853436988
"26129",0,16052.9618026192
"26131",0,5631.97316070871
"26133",0,11672.2291213555
"26135",0,2695.87325476589
"26137",0,11918.0532671786
"26141",0,3458.49845615765
"26143",0,13197.4415100057
"26145",0,112844.644800862
"26147",0,110702.37996869
"26151",0,18404.2419563369
"26153",0,3574.92945311155
"26157",0,28833.6746431318
"26159",0,44221.8098939905
"26165",0,16257.6311688462
"27001",0,1679.72080449591
"27003",0,506146.885742745
"27005",0,3184.65686291978
"27007",0,3758.26212357366
"27009",0,10162.9567254099
"27011",0,447.54373464805
"27013",0,42610.3573685151
"27015",0,4689.05292783984
"27019",0,81925.541845933
"27021",0,1381.41205357113
"27023",0,1850.5445654683
"27025",0,38819.1100089174
"27027",0,7558.99356687427
"27029",0,347.325459551186
"27031",0,424.416159014117
"27033",0,3706.72953539207
"27035",0,10524.3934105706
"27037",0,604228.422167465
"27039",0,210736.31018886
"27041",0,4759.00433706855
"27043",0,11504.7567189051
"27045",0,133288.718849797
"27047",0,44981.6209649565
"27049",0,146663.062841295
"27051",0,858.102572743273
"27055",0,12792.1342151715
"27057",0,1849.7372894873
"27059",0,15827.5747433167
"27061",0,2497.53640514771
"27063",0,2762.7014698186
"27065",0,2546.62858323203
"27067",0,6017.80042604513
"27069",0,751.167858793541
"27071",0,807.760910833744
"27073",0,256.169697672998
"27075",0,869.537706947325
"27077",0,463.065379493764
"27079",0,17295.2236894664
"27081",0,545.339823030072
"27083",0,3630.18074628554
"27085",0,7263.0632911677
"27087",0,401.288583380184
"27089",0,2275.09011421033
"27091",0,4106.95047271495
"27093",0,4105.24756959004
"27095",0,3352.0547662944
"27097",0,2125.96817126646
"27099",0,125813.925292191
"27101",0,1897.32638586197
"27103",0,20640.8763777355
"27105",0,5203.77336352754
"27107",0,501.1621857875
"27111",0,20332.0287968409
"27113",0,1280.96680790802
"27115",0,6283.67769033565
"27117",0,1898.39403191927
"27119",0,21481.9687787444
"27121",0,1819.67942989882
"27125",0,494.214368908646
"27127",0,4173.31892406936
"27129",0,2813.79870304647
"27131",0,47984.5208185706
"27133",0,4711.97376968993
"27135",0,1739.07541389465
"27139",0,140526.00044109
"27141",0,48183.4924052576
"27143",0,1941.38173661731
"27145",0,32133.1880882407
"27147",0,43745.828728384
"27149",0,802.768495294958
"27151",0,925.063112930231
"27153",0,2785.2665439944
"27155",0,200.644291690092
"27157",0,144531.871223259
"27159",0,2402.76889676348
"27161",0,11310.3353065357
"27165",0,2264.08184677859
"27167",0,424.416159014117
"27169",0,111502.412193561
"27173",0,2257.2949800622
"28001",0,9057.25856747606
"28003",0,7787.43301743097
"28005",0,1233.83175239424
"28007",0,9074.76772253256
"28009",0,5002.01922419418
"28011",0,13714.6706998634
"28013",0,14231.500094334
"28015",0,3200.30889194226
"28017",0,3208.14289100392
"28019",0,3956.64074667288
"28021",0,2179.83787326627
"28023",0,1866.39444007711
"28025",0,6740.38678907671
"28027",0,6402.29168972782
"28029",0,24223.9569356495
"28031",0,1899.28001378258
"28033",0,159066.533789824
"28037",0,1161.72044512729
"28039",0,8092.84761452827
"28041",0,839.953127549271
"28043",0,12797.9466073751
"28045",0,13800.6374802288
"28047",0,61973.6870957594
"28051",0,7266.8079290091
"28053",0,2081.08325926484
"28055",0,193.454483988688
"28057",0,3744.83704837889
"28059",0,40263.2030614395
"28061",0,3118.09051613921
"28063",0,1079.84051903079
"28065",0,2976.23351998065
"28067",0,13156.0951824052
"28069",0,1399.81893256123
"28073",0,22326.6410503922
"28075",0,15979.9384568622
"28077",0,2240.18862731824
"28079",0,9041.67457654987
"28081",0,30120.7618403877
"28083",0,9648.25465958973
"28085",0,13892.6398260696
"28087",0,10902.3153642701
"28091",0,6891.93137796613
"28093",0,21623.5730312057
"28095",0,5947.16141735641
"28097",0,3533.94617036104
"28099",0,8361.32902650782
"28101",0,4576.39735782075
"28103",0,897.994584784423
"28107",0,40436.1829524372
"28109",0,19022.845834499
"28111",0,789.279997403077
"28113",0,6867.18259894648
"28115",0,11051.2360926821
"28117",0,3408.33763368175
"28119",0,2468.46350633437
"28121",0,288486.250301109
"28123",0,11005.2606847622
"28125",0,1288.29481039435
"28127",0,15480.0432413792
"28129",0,6408.04515534085
"28131",0,2984.27212168528
"28133",0,9533.65528350354
"28135",0,4694.3915418458
"28137",0,18483.8065210678
"28139",0,5952.39254954429
"28141",0,4471.07560694435
"28143",0,5569.05823782085
"28145",0,11604.9413861892
"28147",0,1635.26569981906
"28149",0,16540.8223990701
"28153",0,3232.82159167037
"28155",0,3667.72544917628
"28157",0,3372.52307820092
"28159",0,3930.33010263394
"28161",0,29519.1025162875
"28163",0,14110.041958024
"29001",0,17074.9637173661
"29003",0,7929.8504977367
"29005",0,3246.45750344673
"29007",0,85247.5041204663
"29009",0,7451.25121989294
"29011",0,3246.45750344673
"29013",0,3922.41607410391
"29015",0,392.041812434244
"29017",0,0
"29021",0,31277.9893008975
"29023",0,4402.10741982435
"29025",0,0
"29027",0,371161.281378166
"29029",0,39230.9463985399
"29031",0,10504.0590657349
"29033",0,63057.2907053222
"29035",0,58924.7533759268
"29037",0,35767.5503916227
"29039",0,392.041812434244
"29041",0,16241.695812769
"29043",0,158009.820631269
"29045",0,657.610271658417
"29047",0,164902.931692207
"29049",0,81039.3605042992
"29051",0,298284.112908542
"29053",0,243484.312758505
"29055",0,17300.2879003251
"29057",0,0
"29059",0,60361.68886677
"29061",0,6960.40008076793
"29063",0,7929.8504977367
"29065",0,9788.45743395286
"29067",0,6493.10633542805
"29069",0,11066.0871877904
"29071",0,380549.794010479
"29073",0,3246.45750344673
"29075",0,4683.39299428997
"29079",0,4702.84828496396
"29081",0,10383.3125227683
"29083",0,7657.93362597831
"29085",0,392.041812434244
"29087",0,9739.37251034018
"29089",0,94152.4754414492
"29091",0,16898.0798686429
"29093",0,3246.45750344673
"29097",0,178757.780621533
"29099",0,1709796.30878466
"29101",0,29392.4160927117
"29103",0,3470.82893701324
"29105",0,75432.7807681412
"29107",0,12905.5547577904
"29109",0,67209.4629969132
"29111",0,11553.3596588415
"29113",0,127446.106462294
"29115",0,6492.91500689346
"29117",0,6492.91500689346
"29119",0,118789.1770483
"29121",0,6492.91500689346
"29123",0,3407.01042788657
"29125",0,6492.91500689346
"29127",0,134282.438560777
"29129",0,545.81791380571
"29131",0,91389.3284103941
"29133",0,62331.7638038134
"29135",0,6657.46519677568
"29137",0,16624.3293296679
"29139",0,84984.7822578714
"29141",0,23720.1272677829
"29143",0,19639.2979451202
"29145",0,20001.6410145439
"29147",0,13531.6479275926
"29149",0,3407.01042788657
"29151",0,6492.91500689346
"29153",0,6492.91500689346
"29155",0,3456.09535149924
"29157",0,12985.8300137869
"29159",0,43571.5509635531
"29163",0,42203.9475448075
"29165",0,92092.3146746157
"29167",0,392.041812434244
"29169",0,37526.7274917634
"29171",0,0
"29173",0,6492.91500689346
"29175",0,133451.355988231
"29177",0,4821.7273035534
"29179",0,6492.91500689346
"29181",0,3246.45750344673
"29183",0,2713793.52915054
"29185",0,55678.2958724801
"29186",0,194.064657516902
"29187",0,66637.7850848116
"29195",0,100003.444319863
"29197",0,3246.45750344673
"29199",0,0
"29201",0,59289.6853688143
"29203",0,3246.45750344673
"29205",0,3246.45750344673
"29207",0,9842.20001808286
"29209",0,14171.9739128496
"29211",0,200.644291690092
"29213",0,68672.6296182753
"29215",0,4641.04535124453
"29217",0,6884.9568193277
"29219",0,128412.092603689
"29221",0,16673.4142532806
"29223",0,3246.45750344673
"29225",0,68888.4973198335
"29227",0,3246.45750344673
"29229",0,0
"42001",0,56902.9694016074
"42005",0,375617.196750831
"42007",0,362350.86779344
"42009",0,58628.9748361038
"42011",0,492171.835027061
"42013",0,221948.368866897
"42015",0,17541.1234128642
"42019",0,561017.677496159
"42021",0,201033.040664054
"42023",0,1179.0664095294
"42025",0,142273.563357752
"42031",0,63299.5787275257
"42033",0,386594.78642283
"42035",0,180744.051165128
"42037",0,43033.1452120004
"42039",0,70571.6741043994
"42041",0,1420445.91493214
"42047",0,11469.4865968338
"42049",0,391685.777326374
"42051",0,194778.112614001
"42053",0,19375.991349334
"42057",0,16644.2471283025
"42059",0,47485.800647266
"42063",0,100567.72365873
"42065",0,91188.5890560357
"42067",0,64206.9334273206
"42069",0,221165.784969517
"42073",0,214926.127813909
"42075",0,1318062.18548479
"42077",0,490075.955495417
"42079",0,191835.425932334
"42081",0,61436.3078510354
"42083",0,25946.8922197806
"42085",0,167412.798506073
"42087",0,135737.12615267
"42089",0,74793.716915204
"42097",0,50045.0376875282
"42099",0,174764.379514426
"42103",0,16032.935161552
"42105",0,14458.5630718497
"42107",0,152849.639957319
"42109",0,55527.5402302354
"42111",0,130397.92855872
"42113",0,2705.55184030739
"42115",0,5906.30474769976
"42117",0,10729.6010088103
"42121",0,133444.868648804
"42123",0,55598.90939191
"42125",0,845713.99324453
"42127",0,41012.3227065286
"42129",0,1807379.56002914
"42131",0,33317.620773527
"42133",0,1261000.95111837
"44001",0,149716.946220699
"45001",0,25255.2530393679
"45005",0,24388.9041140727
"45007",0,640768.988422779
"45009",0,43024.1424929359
"45011",0,41773.7982410879
"45013",0,392696.504440891
"45015",0,1072335.62570582
"45017",0,58201.2588534826
"45021",0,292131.97657449
"45023",0,52824.1750610256
"45025",0,305248.506954352
"45027",0,31326.0457644681
"45029",0,127917.875431727
"45031",0,36582.3514482156
"45033",0,254644.535838144
"45035",0,849553.394480696
"45037",0,269090.791464884
"45039",0,309133.259924444
"45041",0,171578.500133599
"45043",0,110267.682841492
"45049",0,37611.1737033143
"45051",0,488080.514825472
"45053",0,20823.1302129206
"45055",0,334231.97327464
"45057",0,143471.527568719
"45059",0,163558.74221462
"45061",0,58126.4712072572
"45065",0,47954.7419108119
"45067",0,50744.0990771509
"45069",0,233765.725220698
"45071",0,190418.682470712
"45073",0,458135.623236797
"45081",0,29701.4017864232
"45085",0,261660.596859002
"45087",0,27468.7092765938
"45089",0,23254.0014544391
"46003",0,444.203247863248
"46005",0,1067.59345517506
"46007",0,268.850457373182
"46009",0,1029.65170027113
"46013",0,2434.84473655745
"46015",0,336.08187852847
"46017",0,55.525405982906
"46019",0,23.1275756339332
"46021",0,55.525405982906
"46023",0,1008.19436802959
"46025",0,444.203247863248
"46029",0,3876.7792381657
"46031",0,144.051239649888
"46033",0,547.717531998192
"46035",0,1955.99995090155
"46037",0,418.872234459161
"46039",0,366.152863581512
"46043",0,256.169697672998
"46045",0,166.576217948718
"46047",0,223.771867324025
"46049",0,111.050811965812
"46051",0,721.830277777778
"46053",0,589.322133570434
"46055",0,169.505660579752
"46057",0,610.779465811966
"46059",0,199.576645632794
"46061",0,111.050811965812
"46063",0,0
"46065",0,1757.02590260386
"46067",0,666.304871794872
"46069",0,456.81398936309
"46071",0,0
"46073",0,23.1275756339332
"46075",0,0
"46077",0,1400.74589107249
"46079",0,1473.85494813437
"46083",0,9085.18551770257
"46085",0,0
"46087",0,333.152435897436
"46089",0,0
"46091",0,166.576217948718
"46093",0,730.489252330749
"46095",0,0
"46097",0,696.734685433601
"46101",0,333.152435897436
"46102",0,0
"46105",0,200.644291690092
"46107",0,0
"46109",0,533.796727587528
"46111",0,55.525405982906
"46115",0,367.22050963881
"46117",0,111.050811965812
"46119",0,222.101623931624
"46121",0,0
"46123",0,693.211160550512
"46125",0,1616.48816363495
"46127",0,11018.4842697594
"46129",0,140.42977773042
"46135",0,8121.61963818792
"46137",0,0
"47003",0,47415.5043473583
"47005",0,4991.30733660365
"47007",0,3858.14033971722
"47009",0,157042.687390305
"47011",0,18702.6538176208
"47013",0,18859.9892537685
"47015",0,21113.6458293535
"47017",0,8819.8913321164
"47019",0,137299.962004787
"47021",0,285210.910127211
"47023",0,1803.94847015588
"47025",0,11802.3033898539
"47027",0,4095.10559743456
"47029",0,15978.4240090115
"47031",0,25147.9486425108
"47033",0,1328.15318508947
"47035",0,15302.3262743188
"47039",0,2251.71925157938
"47041",0,21300.3157432297
"47043",0,185862.332623023
"47045",0,2858.82319932717
"47047",0,31180.5104887387
"47049",0,4147.93310036011
"47051",0,15509.8206742843
"47053",0,4715.02213100598
"47055",0,29316.3693603703
"47057",0,12611.4261857203
"47059",0,44292.367302453
"47061",0,6718.83536559381
"47063",0,20857.2008596253
"47067",0,3580.48139004818
"47069",0,3383.8410646215
"47071",0,2628.20995768971
"47073",0,53232.6259917912
"47075",0,3093.37570248369
"47077",0,5001.12445023137
"47079",0,11218.1101628008
"47081",0,20134.4066270621
"47083",0,2076.60085011777
"47085",0,3904.95351547413
"47087",0,7896.35237202176
"47089",0,64895.4842504425
"47091",0,8085.8360566918
"47095",0,301.908559677944
"47097",0,6849.66135759042
"47099",0,39458.7997748383
"47101",0,12079.4813380536
"47103",0,9734.51350759913
"47105",0,50629.7205922925
"47107",0,27683.4307978555
"47109",0,1792.5445958535
"47111",0,15964.8575628377
"47113",0,24500.4607386781
"47115",0,11474.039674634
"47117",0,51768.0310855122
"47119",0,199935.658283277
"47121",0,4490.81398254121
"47123",0,6907.95731139686
"47125",0,234667.913624115
"47127",0,1528.47617577581
"47129",0,332.823603286845
"47131",0,3007.70314080766
"47133",0,7658.46422466849
"47135",0,3090.21634831786
"47137",0,591.212611213112
"47139",0,29414.2927535852
"47141",0,25749.8235731523
"47143",0,18676.6462681987
"47145",0,32360.8123350543
"47147",0,266251.808075097
"47151",0,5410.07378166161
"47153",0,5314.2882704435
"47155",0,56788.6267426379
"47159",0,20430.199657898
"47161",0,9393.45202859067
"47163",0,215271.760394644
"47165",0,745582.436112805
"47169",0,13107.3198116298
"47171",0,36523.0622318975
"47173",0,20561.3763429272
"47175",0,3143.07392906964
"47177",0,44953.3516552201
"47181",0,9686.07035496283
"47185",0,10551.1255416115
"47187",0,1596938.64381487
"47189",0,582334.093038433
"48001",0,114409.418348881
"48003",0,2477.37723234601
"48005",0,632382.050245373
"48007",0,8671.92650258264
"48009",0,7433.46699762384
"48011",0,0
"48013",0,226677.613051206
"48015",0,111423.471451727
"48017",0,1638.08711667012
"48019",0,115792.303629325
"48021",0,273289.170938432
"48023",0,803.212139043631
"48025",0,10389.2835380822
"48027",0,588556.547258593
"48031",0,19370.0706391586
"48033",0,448.15981573581
"48035",0,106844.829714664
"48037",0,98857.1199960016
"48043",0,5094.95323844779
"48045",0,267.73737968121
"48047",0,843.620216427764
"48049",0,82194.9278341008
"48051",0,179880.894168956
"48053",0,62817.3735447572
"48055",0,212017.752133848
"48057",0,44544.0402065988
"48059",0,16678.5742002196
"48061",0,249907.556540979
"48063",0,8706.976656773
"48065",0,784.600817324558
"48067",0,8442.99239572196
"48069",0,38.8267104118415
"48071",0,290807.191284237
"48073",0,496534.981026707
"48075",0,1070.94951872484
"48077",0,12616.90460411
"48079",0,267.73737968121
"48081",0,1232.14496561373
"48083",0,8535.23311752299
"48087",0,0
"48089",0,150029.799265831
"48091",0,795648.809666147
"48093",0,18402.6703265893
"48095",0,675.958570657181
"48097",0,29180.1301646935
"48099",0,125980.373983367
"48101",0,0
"48103",0,267.73737968121
"48105",0,1112.3727899131
"48107",0,0
"48109",0,4799.28722360098
"48111",0,0
"48115",0,3137.75065863273
"48117",0,1627.13591368139
"48119",0,3396.97753833854
"48123",0,62323.4974282987
"48125",0,1370.34973698891
"48127",0,8654.87563879362
"48129",0,824.847637891599
"48131",0,3379.7928532859
"48133",0,15387.1329452023
"48137",0,916.063776422219
"48139",0,638671.534897125
"48145",0,176952.514252772
"48147",0,42983.9162991813
"48149",0,64521.0032496079
"48151",0,1767.61972497615
"48153",0,24660.8737566882
"48155",0,1448.2076006745
"48159",0,4670.5267782822
"48161",0,79718.0948995274
"48163",0,35589.8484494194
"48165",0,3842.91545439335
"48169",0,16188.4357329186
"48171",0,56911.2076987649
"48173",0,0
"48175",0,24201.1106838068
"48177",0,38253.348409746
"48179",0,7413.94582307189
"48181",0,140572.769278617
"48183",0,124675.863829475
"48185",0,202352.087000997
"48187",0,867450.091843116
"48189",0,32465.5184282702
"48191",0,796.922756294177
"48193",0,11980.2872835268
"48195",0,680.16119862701
"48197",0,8220.29125222941
"48199",0,435729.564332348
"48203",0,97946.8783664571
"48205",0,680.16119862701
"48207",0,2267.98091773658
"48211",0,1788.71580967892
"48213",0,94195.0210940436
"48217",0,152083.091562796
"48219",0,23615.4746470632
"48221",0,66356.4529405515
"48223",0,20475.2996005776
"48225",0,218977.434372383
"48227",0,14236.2591747769
"48229",0,799.881203933496
"48231",0,108798.615688753
"48233",0,3760.02090578042
"48235",0,0
"48237",0,3507.47263283638
"48239",0,29804.2240986734
"48241",0,114508.355481539
"48243",0,461.407479582575
"48245",0,1525450.56748992
"48247",0,2343.5025617227
"48249",0,12068.1422316738
"48251",0,433188.234709419
"48253",0,7177.1235279602
"48255",0,50433.2483691728
"48257",0,342294.045638414
"48259",0,283594.264324647
"48261",0,0
"48263",0,556.186394956548
"48265",0,96983.1491091682
"48267",0,2762.20550306311
"48269",0,0
"48271",0,8259.11796264125
"48275",0,267.73737968121
"48277",0,29813.5397694299
"48279",0,9858.37836889953
"48281",0,20533.7443854775
"48283",0,3574.2923506707
"48285",0,82789.3749069726
"48287",0,52650.7815106588
"48289",0,46296.6056431399
"48291",0,543491.538017811
"48293",0,141981.640345943
"48295",0,535.47475936242
"48297",0,28104.9206062966
"48299",0,31680.1543412718
"48301",0,0
"48305",0,267.73737968121
"48307",0,1380.11016959431
"48311",0,0
"48313",0,58772.2426968928
"48315",0,29602.8201253346
"48317",0,824.847637891599
"48319",0,1499.88234529494
"48321",0,108588.078514471
"48323",0,50611.7954930473
"48325",0,193759.630766369
"48327",0,8695.30654820968
"48329",0,45688.7925507447
"48331",0,68483.3676270438
"48333",0,7780.28695634168
"48335",0,2428.63018773889
"48337",0,17672.1497822676
"48341",0,1769.12377893242
"48343",0,4118.27137017673
"48345",0,267.73737968121
"48347",0,412609.855680203
"48349",0,199544.023523402
"48351",0,78584.6634173352
"48353",0,12511.7661519967
"48355",0,163439.163784937
"48357",0,1751.11071735185
"48359",0,267.73737968121
"48361",0,735535.981089634
"48363",0,9889.0004980067
"48365",0,144260.367852794
"48367",0,236361.979767474
"48369",0,2039.55973262719
"48371",0,3198.58582203747
"48373",0,457168.930806774
"48375",0,15100.8905919714
"48377",0,1455.00866776559
"48379",0,4476.33883951428
"48381",0,20209.7450411931
"48383",0,0
"48385",0,2458.73212659189
"48387",0,4035.84001203221
"48389",0,2866.47595350226
"48391",0,1391.8557660742
"48393",0,0
"48395",0,160893.041247974
"48397",0,232007.612059906
"48399",0,2678.90654703769
"48401",0,359221.503587976
"48403",0,45718.3489296452
"48405",0,41686.6197926183
"48407",0,208837.067633906
"48409",0,23929.4775872987
"48411",0,4393.23562780455
"48413",0,0
"48415",0,3885.66840697346
"48417",0,3870.30111717994
"48419",0,65706.190045473
"48421",0,267.73737968121
"48425",0,10841.5910535315
"48427",0,47804.03309276
"48429",0,8600.88026928921
"48431",0,0
"48433",0,1108.55461105191
"48435",0,1370.34973698891
"48437",0,535.47475936242
"48441",0,72675.0596718007
"48443",0,0
"48445",0,796.922756294177
"48447",0,1211.4333300196
"48449",0,10669.569630493
"48451",0,52551.3660753392
"48455",0,79042.853034756
"48457",0,88405.5655570613
"48459",0,52677.4619504616
"48461",0,267.73737968121
"48463",0,48913.0859024081
"48465",0,59040.3956162114
"48467",0,47517.5631228883
"48469",0,132273.442502136
"48475",0,3047.03101484499
"48477",0,153258.987571273
"48479",0,176800.457173608
"48481",0,169845.838953642
"48483",0,0
"48485",0,146914.985327635
"48487",0,20832.7668437424
"48489",0,3006.23088947157
"48493",0,257135.062878972
"48495",0,1639.94746113602
"48497",0,85786.2783665623
"48499",0,60241.0128156233
"48501",0,551.065367503367
"48503",0,21516.837962658
"48505",0,13773.630174295
"48507",0,27133.0212120973
"49001",0,744.09393117738
"49003",0,22694.8649009101
"49007",0,5766.72796662469
"49009",0,186.023482794345
"49013",0,1302.16437956041
"49015",0,930.117413971725
"49017",0,558.070448383035
"49019",0,1116.14089676607
"49021",0,6992.87262507406
"49023",0,2046.2583107378
"49025",0,1569.90175924162
"49027",0,2046.2583107378
"49029",0,9859.24458810028
"49031",0,372.04696558869
"49033",0,558.070448383035
"49039",0,3430.32791571967
"49041",0,3349.00498525745
"49043",0,88655.3963503504
"49045",0,60644.0380480257
"49047",0,5581.2867787896
"49053",0,23772.7484554933
"49055",0,744.09393117738
"49057",0,166878.012642911
"50003",0,9602.14671284799
"50005",0,4986.52748432683
"50009",0,3307.22726264351
"50011",0,5118.58898376104
"50013",0,905.80994311004
"50017",0,116548.271158109
"50019",0,5184.831963052
"50021",0,18710.7809136039
"50023",0,21442.1854146404
"50025",0,7563.50122144967
"51001",0,10614.5141999025
"51005",0,234924.503338119
"51007",0,64481.3985587384
"51009",0,97443.1312037386
"51011",0,36606.1461155982
"51015",0,361930.550385658
"51017",0,26758.0639541576
"51019",0,375963.511902308
"51021",0,43665.8649245647
"51023",0,195340.406582015
"51025",0,14764.3652136902
"51027",0,38457.2051181629
"51029",0,67611.7734042894
"51031",0,336823.996579547
"51033",0,84477.2011108183
"51035",0,385687.035895479
"51036",0,26176.8666890407
"51037",0,14892.8369915325
"51043",0,25971.2556568875
"51045",0,3670.16117320929
"51047",0,56315.7170231779
"51049",0,45707.7027227021
"51051",0,25769.6147160003
"51057",0,31005.9317841042
"51061",0,62360.9713996177
"51063",0,420759.718038843
"51065",0,161312.432255979
"51067",0,253586.33564042
"51069",0,280133.514385084
"51071",0,661963.678240296
"51073",0,32935.8926290705
"51075",0,409307.986032808
"51077",0,61102.2894626588
"51079",0,107229.36678998
"51081",0,10562.259370602
"51083",0,250905.267661253
"51085",0,1026444.89198376
"51089",0,171286.374159129
"51091",0,413.384354118339
"51093",0,34043.9791851601
"51095",0,84712.8621171776
"51097",0,40242.7850120805
"51099",0,22044.7284908144
"51101",0,64120.1274467577
"51103",0,21636.0181642456
"51105",0,36893.4272929144
"51109",0,92357.3171608339
"51111",0,14836.0345482385
"51113",0,24953.8029334131
"51115",0,9062.27542777122
"51117",0,24880.9431579589
"51119",0,43685.286566079
"51125",0,35950.7223434074
"51127",0,181730.618980442
"51131",0,18917.2078235369
"51133",0,12118.502398782
"51135",0,40768.4984037173
"51137",0,68775.8772996516
"51139",0,24253.7940561057
"51141",0,70525.6655053985
"51143",0,341421.065462861
"51145",0,123211.080270509
"51147",0,77653.3147602676
"51149",0,113148.501306082
"51155",0,1577255.05094182
"51157",0,11090.5391974465
"51159",0,230229.838306763
"51161",0,1277605.01060935
"51163",0,53633.8668793017
"51165",0,542584.00398974
"51167",0,44762.5021190488
"51169",0,40164.6630930775
"51171",0,41846.4869697302
"51173",0,73101.9211512289
"51175",0,27507.8651966141
"51177",0,101690.809493465
"51179",0,140949.77499929
"51181",0,5743.85657125937
"51183",0,458462.455059152
"51185",0,328262.62070131
"51187",0,28478.9290651797
"51191",0,128801.724798412
"51193",0,13594.8319434053
"51195",0,21180.5880763377
"51197",0,289539.209254984
"51199",0,72712.294040136
"51520",0,50805.0929351263
"51530",0,13470.249294445
"51550",0,597673.400443858
"51570",0,86486.7565198326
"51580",0,27998.2170165126
"51590",0,156932.80476198
"51595",0,13721.6539891322
"51600",0,13588.35295076
"51610",0,2850.50957840672
"51620",0,13203.2201101545
"51630",0,19792.2294215255
"51640",0,35396.7218878618
"51670",0,50424.4554450979
"51678",0,30275.4771124166
"51680",0,599890.596564015
"51683",0,61497.1219933828
"51685",0,17930.8118518381
"51690",0,48194.6793129453
"51700",0,295271.164245576
"51720",0,413.384354118339
"51730",0,86289.9278501171
"51735",0,27718.6598556958
"51740",0,61177.9705295495
"51750",0,1389010.54974513
"51775",0,168618.791627815
"51790",0,60894.9635028781
"51810",0,473452.95886625
"51820",0,70018.7449611773
"51830",0,20574.9367703631
"51840",0,244007.571019501
"53001",0,0
"53003",0,7404.47131010523
"53007",0,12745.002625265
"53009",0,17147.6317396752
"53011",0,143304.458756979
"53013",0,0
"53015",0,15838.0429082221
"53017",0,14592.0975262728
"53019",0,0
"53021",0,17370.0089491952
"53023",0,1787.0389643186
"53025",0,5165.40428888286
"53027",0,18822.5624039121
"53029",0,34581.6436383146
"53031",0,7658.21612447249
"53037",0,14172.2745936697
"53039",0,2235.71991740009
"53041",0,23162.4246010577
"53043",0,893.519482159302
"53045",0,13637.1893169491
"53047",0,4528.20025955438
"53049",0,3548.41738325897
"53051",0,1178.95557891986
"53053",0,423721.59645782
"53055",0,1882.16477352725
"53057",0,55682.6038262569
"53059",0,4451.51293139325
"53065",0,4343.07230167734
"53067",0,71159.3319376508
"53069",0,256.315452830822
"53071",0,27003.155697124
"54001",0,1603.23940261759
"54003",0,28388.9309829219
"54005",0,992.512605244099
"54007",0,19.904601180236
"54009",0,1893.09099884628
"54013",0,0
"54015",0,0
"54017",0,1126.39463214174
"54019",0,41415.0674486567
"54021",0,126.593828007395
"54023",0,521.929862675765
"54025",0,8948.4856378874
"54027",0,8917.2009148507
"54029",0,31335.4519406733
"54031",0,267.73737968121
"54033",0,14320.4244037405
"54035",0,339.153967465726
"54037",0,26332.8049025908
"54039",0,228950.75254733
"54041",0,19.904601180236
"54043",0,1061.36808998257
"54045",0,2418.86850273711
"54047",0,24856.8090126987
"54049",0,5194.72265550609
"54051",0,22851.9259940954
"54053",0,1061.36808998257
"54055",0,59163.815003212
"54057",0,9423.01724167254
"54059",0,862.35930124782
"54063",0,74224.8466094303
"54065",0,1110.42852291008
"54067",0,18636.9342460931
"54069",0,35193.7103240507
"54071",0,413.384354118339
"54073",0,295.606305606556
"54075",0,1603.23940261759
"54077",0,19929.4950064028
"54079",0,218.120247679192
"54081",0,51992.9303875239
"54083",0,8063.48271726136
"54085",0,248.587601560264
"54087",0,1747.91664119973
"54089",0,42676.5826045625
"54091",0,9936.05725906184
"54093",0,16191.3126891486
"54095",0,0
"54097",0,203.143326593282
"54099",0,0
"54101",0,19.904601180236
"54103",0,226.687541144336
"54105",0,0
"54107",0,4307.71522632715
"54109",0,8247.14673247388
"55001",0,2816.87237729118
"55003",0,1763.94657245302
"55005",0,6569.86248533796
"55007",0,1285.63972756976
"55011",0,3850.28705927642
"55013",0,558.389228554697
"55015",0,10427.8655458637
"55017",0,6749.27618033769
"55019",0,3054.26917421916
"55021",0,17892.7783926363
"55023",0,2188.8915040305
"55027",0,30444.7408375099
"55029",0,9037.48685728682
"55031",0,3013.92876375164
"55033",0,6817.1949031251
"55037",0,788.537002460509
"55039",0,16036.0146354041
"55041",0,788.269475953903
"55043",0,5629.68858442105
"55045",0,3475.36712310548
"55047",0,4285.86958559089
"55049",0,1810.87200934328
"55051",0,420.022199085284
"55053",0,2619.8675829248
"55055",0,27021.1810314156
"55057",0,1774.23673816258
"55059",0,91341.595884178
"55061",0,2534.88464199595
"55065",0,1478.31869363108
"55067",0,967.232974937048
"55069",0,2654.62631694246
"55071",0,16362.8787538973
"55073",0,12926.8915349043
"55075",0,5989.36540079903
"55077",0,2772.35705530554
"55078",0,539.655612849596
"55081",0,7294.86195572459
"55083",0,5236.49913927367
"55085",0,3306.26353840044
"55087",0,37551.3808981805
"55089",0,122095.482235748
"55091",0,3739.92151625748
"55093",0,15353.211502138
"55095",0,15931.570523216
"55097",0,14427.612652061
"55099",0,1542.87707130005
"55101",0,142825.900182497
"55103",0,1030.09205997386
"55105",0,42298.0860184518
"55107",0,900.27872478942
"55109",0,50607.9853266973
"55111",0,19213.9459302043
"55113",0,1121.17241703823
"55115",0,6746.49264802798
"55117",0,32600.1528959231
"55119",0,2933.31025114301
"55121",0,4657.66611450851
"55123",0,3933.00287450234
"55127",0,34026.4669844508
"55129",0,1329.32729809763
"55131",0,321471.46287821
"55135",0,7145.21073489517
"55137",0,2888.78840483576
"55139",0,24405.0423772494
"56003",0,0
"56005",0,596.418399155197
"56007",0,2.84901630200153
"56009",0,2129.14627162821
"56011",0,267.73737968121
"56015",0,558.070448383035
"56017",0,0
"56019",0,224.371433566507
"56021",0,664.429598452727
"56023",0,453.760862475555
"56025",0,2714.65957831707
"56027",0,267.73737968121
"56029",0,281.096711739781
"56031",0,0
"56033",0,453.760862475555
"56035",0,186.023482794345
"56037",0,483.097777554502
"56039",0,267.73737968121
"56041",0,0
"56043",0,94.9630848616861
"56045",0,0
