fips,county,state_abb,gdp_2023
01001,Autauga,AL,1945909
01003,Baldwin,AL,9435720
01005,Barbour,AL,715994
01007,Bibb,AL,466543
01009,Blount,AL,987208
01011,Bullock,AL,267926
01013,Butler,AL,660757
01015,Calhoun,AL,4764871
01017,Chambers,AL,903782
01019,Cherokee,AL,599214
01021,Chilton,AL,1215493
01023,Choctaw,AL,618810
01025,Clarke,AL,850844
01027,Clay,AL,386382
01029,Cleburne,AL,327927
01031,Coffee,AL,1709663
01033,Colbert,AL,2802771
01035,Conecuh,AL,383453
01037,Coosa,AL,181781
01039,Covington,AL,1234498
01041,Crenshaw,AL,450012
01043,Cullman,AL,3089606
01045,Dale,AL,3035393
01047,Dallas,AL,1344905
01049,Dekalb,AL,2207302
01051,Elmore,AL,2161855
01053,Escambia,AL,1279587
01055,Etowah,AL,3002919
01057,Fayette,AL,356603
01059,Franklin,AL,985317
01061,Geneva,AL,578990
01063,Greene,AL,216280
01065,Hale,AL,272820
01067,Henry,AL,485965
01069,Houston,AL,5971112
01071,Jackson,AL,1596941
01073,Jefferson,AL,49903057
01075,Lamar,AL,330918
01077,Lauderdale,AL,2922201
01079,Lawrence,AL,627737
01081,Lee,AL,6987631
01083,Limestone,AL,5181859
01085,Lowndes,AL,422687
01087,Macon,AL,563676
01089,Madison,AL,30905624
01091,Marengo,AL,822370
01093,Marion,AL,976241
01095,Marshall,AL,3873554
01097,Mobile,AL,23187207
01099,Monroe,AL,611516
01101,Montgomery,AL,15024566
01103,Morgan,AL,6409604
01105,Perry,AL,204764
01107,Pickens,AL,414576
01109,Pike,AL,1613119
01111,Randolph,AL,494719
01113,Russell,AL,1697224
01115,St. Clair,AL,2113414
01117,Shelby,AL,13047437
01119,Sumter,AL,332733
01121,Talladega,AL,3201599
01123,Tallapoosa,AL,1422123
01125,Tuscaloosa,AL,10745352
01127,Walker,AL,1809493
01129,Washington,AL,985765
01131,Wilcox,AL,366399
01133,Winston,AL,787107
02013,Aleutians East Borough,AK,291546
02016,Aleutians West Census Area,AK,740425
02020,Anchorage Municipality,AK,24036883
02050,Bethel Census Area,AK,687011
02060,Bristol Bay Borough,AK,148036
NA,Chugach Census Area,AK,1341672
NA,Copper River Census Area,AK,134453
02068,Denali Borough,AK,283364
02070,Dillingham Census Area,AK,258398
02090,Fairbanks North Star Borough,AK,5595570
02100,Haines Borough,AK,102682
02105,Hoonah-Angoon Census Area,AK,108503
02110,Juneau And Borough,AK,2387533
02122,Kenai Peninsula Borough,AK,2679059
02130,Ketchikan Gateway Borough,AK,879702
02150,Kodiak Island Borough,AK,819757
NA,Kusilvak Census Area,AK,149800
02164,Lake And Peninsula Borough,AK,90101
02170,Matanuska-Susitna Borough,AK,3225633
02180,Nome Census Area,AK,460730
02185,North Slope Borough,AK,7085304
02188,Northwest Arctic Borough,AK,577646
02195,Petersburg Borough,AK,170706
02198,Prince Of Wales-Hyder Census Area,AK,243033
02220,Sitka And Borough,AK,545349
02230,Skagway Municipality,AK,80430
02240,Southeast Fairbanks Census Area,AK,655659
02275,Wrangell And Borough,AK,94748
02282,Yakutat And Borough,AK,36830
02290,Yukon-Koyukuk Census Area,AK,293143
04001,Apache,AZ,2209495
04003,Cochise,AZ,4969525
04005,Coconino,AZ,8001256
04007,Gila,AZ,1761201
04009,Graham,AZ,1249375
04011,Greenlee,AZ,1468908
04012,La Paz,AZ,678607
04013,Maricopa,AZ,311303699
04015,Mohave,AZ,6877318
04017,Navajo,AZ,2934657
04019,Pima,AZ,50781363
04021,Pinal,AZ,11485897
04023,Santa Cruz,AZ,2047319
04025,Yavapai,AZ,8387833
04027,Yuma,AZ,8435182
05001,Arkansas,AR,1100682
05003,Ashley,AR,909412
05005,Baxter,AR,1697626
05007,Benton,AR,19712755
05009,Boone,AR,1504210
05011,Bradley,AR,329636
05013,Calhoun,AR,330897
05015,Carroll,AR,869730
05017,Chicot,AR,274888
05019,Clark,AR,799464
05021,Clay,AR,366765
05023,Cleburne,AR,653112
05025,Cleveland,AR,142124
05027,Columbia,AR,1052780
05029,Conway,AR,734272
05031,Craighead,AR,5482402
05033,Crawford,AR,1680451
05035,Crittenden,AR,1757118
05037,Cross,AR,501210
05039,Dallas,AR,239044
05041,Desha,AR,559766
05043,Drew,AR,615578
05045,Faulkner,AR,4414444
05047,Franklin,AR,455031
05049,Fulton,AR,190114
05051,Garland,AR,3654803
05053,Grant,AR,457951
05055,Greene,AR,1772854
05057,Hempstead,AR,960918
05059,Hot Spring,AR,1203369
05061,Howard,AR,577760
05063,Independence,AR,1982731
05065,Izard,AR,294660
05067,Jackson,AR,894893
05069,Jefferson,AR,2846850
05071,Johnson,AR,705961
05073,Lafayette,AR,136853
05075,Lawrence,AR,443928
05077,Lee,AR,168935
05079,Lincoln,AR,257522
05081,Little River,AR,486746
05083,Logan,AR,463017
05085,Lonoke,AR,1538404
05087,Madison,AR,434964
05089,Marion,AR,637470
05091,Miller,AR,1270017
05093,Mississippi,AR,3823662
05095,Monroe,AR,213802
05097,Montgomery,AR,149922
05099,Nevada,AR,213374
05101,Newton,AR,98352
05103,Ouachita,AR,669597
05105,Perry,AR,186884
05107,Phillips,AR,536336
05109,Pike,AR,274986
05111,Poinsett,AR,688099
05113,Polk,AR,571735
05115,Pope,AR,3165510
05117,Prairie,AR,225501
05119,Pulaski,AR,31618885
05121,Randolph,AR,528533
05123,St. Francis,AR,721537
05125,Saline,AR,3072144
05127,Scott,AR,333594
05129,Searcy,AR,190332
05131,Sebastian,AR,7271760
05133,Sevier,AR,500883
05135,Sharp,AR,392973
05137,Stone,AR,270620
05139,Union,AR,2760334
05141,Van Buren,AR,378018
05143,Washington,AR,13240214
05145,White,AR,2411281
05147,Woodruff,AR,314387
05149,Yell,AR,607756
06001,Alameda,CA,150532046
06003,Alpine,CA,105610
06005,Amador,CA,1659330
06007,Butte,CA,9278380
06009,Calaveras,CA,1472506
06011,Colusa,CA,1609218
06013,Contra Costa,CA,78357593
06015,Del Norte,CA,844062
06017,El Dorado,CA,8833331
06019,Fresno,CA,47612742
06021,Glenn,CA,1031970
06023,Humboldt,CA,5872356
06025,Imperial,CA,10467574
06027,Inyo,CA,1141849
06029,Kern,CA,46941848
06031,Kings,CA,7041297
06033,Lake,CA,1954710
06035,Lassen,CA,1142546
06037,Los Angeles,CA,801967353
06039,Madera,CA,6226914
06041,Marin,CA,30661017
06043,Mariposa,CA,786148
06045,Mendocino,CA,3667396
06047,Merced,CA,9548937
06049,Modoc,CA,554727
06051,Mono,CA,1178510
06053,Monterey,CA,28980213
06055,Napa,CA,11412110
06057,Nevada,CA,4747160
06059,Orange,CA,273063592
06061,Placer,CA,27022666
06063,Plumas,CA,1035904
06065,Riverside,CA,98880553
06067,Sacramento,CA,102387018
06069,San Benito,CA,2273410
06071,San Bernardino,CA,102307449
06073,San Diego,CA,261671687
06075,San Francisco,CA,237017759
06077,San Joaquin,CA,33097405
06079,San Luis Obispo,CA,18023027
06081,San Mateo,CA,186334708
06083,Santa Barbara,CA,31996811
06085,Santa Clara,CA,390234709
06087,Santa Cruz,CA,16488399
06089,Shasta,CA,8742908
06091,Sierra,CA,98012
06093,Siskiyou,CA,1849450
06095,Solano,CA,29643413
06097,Sonoma,CA,31011472
06099,Stanislaus,CA,24067824
06101,Sutter,CA,3915978
06103,Tehama,CA,2135028
06105,Trinity,CA,402737
06107,Tulare,CA,18824792
06109,Tuolumne,CA,2610180
06111,Ventura,CA,53629861
06113,Yolo,CA,15555485
06115,Yuba,CA,3373337
08001,Adams,CO,32332614
08003,Alamosa,CO,686499
08005,Arapahoe,CO,54078395
08007,Archuleta,CO,568591
08009,Baca,CO,211301
08011,Bent,CO,140142
08013,Boulder,CO,32931483
08014,Broomfield,CO,10207031
08015,Chaffee,CO,944387
08017,Cheyenne,CO,326760
08019,Clear Creek,CO,528527
08021,Conejos,CO,187945
08023,Costilla,CO,84139
08025,Crowley,CO,116733
08027,Custer,CO,164619
08029,Delta,CO,911356
08031,Denver,CO,98955752
08033,Dolores,CO,93166
08035,Douglas,CO,24304453
08037,Eagle,CO,5071876
08039,Elbert,CO,746846
08041,El Paso,CO,42588082
08043,Fremont,CO,1557426
08045,Garfield,CO,3837815
08047,Gilpin,CO,724691
08049,Grand,CO,1112678
08051,Gunnison,CO,1225711
08053,Hinsdale,CO,45502
08055,Huerfano,CO,264032
08057,Jackson,CO,131582
08059,Jefferson,CO,36744206
08061,Kiowa,CO,97689
08063,Kit Carson,CO,551067
08065,Lake,CO,330640
08067,La Plata,CO,3211843
08069,Larimer,CO,22016467
08071,Las Animas,CO,504599
08073,Lincoln,CO,422369
08075,Logan,CO,1104295
08077,Mesa,CO,7367394
08079,Mineral,CO,68945
08081,Moffat,CO,1003615
08083,Montezuma,CO,1229344
08085,Montrose,CO,1810292
08087,Morgan,CO,1561979
08089,Otero,CO,550575
08091,Ouray,CO,254150
08093,Park,CO,466860
08095,Phillips,CO,258754
08097,Pitkin,CO,2823427
08099,Prowers,CO,534509
08101,Pueblo,CO,6881755
08103,Rio Blanco,CO,607902
08105,Rio Grande,CO,435258
08107,Routt,CO,2282963
08109,Saguache,CO,172959
08111,San Juan,CO,43441
08113,San Miguel,CO,846960
08115,Sedgwick,CO,90667
08117,Summit,CO,3147916
08119,Teller,CO,1030558
08121,Washington,CO,186811
08123,Weld,CO,22705689
08125,Yuma,CO,462878
09001,Fairfield,CT,96598373
09003,Hartford,CT,87029233
09005,Litchfield,CT,9068950
09007,Middlesex,CT,10313590
09009,New Haven,CT,53369766
09011,New London,CT,19691503
09013,Tolland,CT,5417077
09015,Windham,CT,5121576
10001,Kent,DE,8417117
10003,New Castle,DE,54376189
10005,Sussex,DE,15224189
11001,District of Columbia,DC,146024260
12001,Alachua,FL,16176855
12003,Baker,FL,774660
12005,Bay,FL,10140163
12007,Bradford,FL,688898
12009,Brevard,FL,32780628
12011,Broward,FL,132361553
12013,Calhoun,FL,341706
12015,Charlotte,FL,6931496
12017,Citrus,FL,5072824
12019,Clay,FL,6677254
12021,Collier,FL,25133932
12023,Columbia,FL,2604298
12027,Desoto,FL,1079903
12029,Dixie,FL,307380
12031,Duval,FL,79935863
12033,Escambia,FL,18157767
12035,Flagler,FL,3965282
12037,Franklin,FL,376936
12039,Gadsden,FL,1330410
12041,Gilchrist,FL,421677
12043,Glades,FL,337752
12045,Gulf,FL,492965
12047,Hamilton,FL,588042
12049,Hardee,FL,1156610
12051,Hendry,FL,1399197
12053,Hernando,FL,5319978
12055,Highlands,FL,2851212
12057,Hillsborough,FL,115772943
12059,Holmes,FL,431262
12061,Indian River,FL,7908751
12063,Jackson,FL,1406915
12065,Jefferson,FL,305245
12067,Lafayette,FL,210912
12069,Lake,FL,12548919
12071,Lee,FL,40416750
12073,Leon,FL,17611188
12075,Levy,FL,1124365
12077,Liberty,FL,370019
12079,Madison,FL,532368
12081,Manatee,FL,19186221
12083,Marion,FL,12616744
12085,Martin,FL,9481295
12086,Miami-Dade,FL,192808376
12087,Monroe,FL,6070417
12089,Nassau,FL,3797201
12091,Okaloosa,FL,14531174
12093,Okeechobee,FL,2123213
12095,Orange,FL,121343736
12097,Osceola,FL,14415205
12099,Palm Beach,FL,106719346
12101,Pasco,FL,17659216
12103,Pinellas,FL,60134522
12105,Polk,FL,32161734
12107,Putnam,FL,2565984
12109,St. Johns,FL,13515965
12111,St. Lucie,FL,12048037
12113,Santa Rosa,FL,5826688
12115,Sarasota,FL,26223346
12117,Seminole,FL,26998021
12119,Sumter,FL,5621636
12121,Suwannee,FL,1542844
12123,Taylor,FL,739282
12125,Union,FL,394035
12127,Volusia,FL,21986706
12129,Wakulla,FL,872371
12131,Walton,FL,4720447
12133,Washington,FL,701303
13001,Appling,GA,1778298
13003,Atkinson,GA,258743
13005,Bacon,GA,391856
13007,Baker,GA,60450
13009,Baldwin,GA,1471197
13011,Banks,GA,474502
13013,Barrow,GA,2772259
13015,Bartow,GA,5874786
13017,Ben Hill,GA,611986
13019,Berrien,GA,451070
13021,Bibb,GA,8561447
13023,Bleckley,GA,252909
13025,Brantley,GA,297685
13027,Brooks,GA,479844
13029,Bryan,GA,1386502
13031,Bulloch,GA,2740304
13033,Burke,GA,2749854
13035,Butts,GA,764005
13037,Calhoun,GA,112194
13039,Camden,GA,2035803
13043,Candler,GA,297197
13045,Carroll,GA,6746661
13047,Catoosa,GA,1797606
13049,Charlton,GA,209963
13051,Chatham,GA,21999121
13053,Chattahoochee,GA,1610723
13055,Chattooga,GA,544860
13057,Cherokee,GA,9564427
13059,Clarke,GA,8249884
13061,Clay,GA,87006
13063,Clayton,GA,20759302
13065,Clinch,GA,220585
13067,Cobb,GA,63747621
13069,Coffee,GA,1701780
13071,Colquitt,GA,1560788
13073,Columbia,GA,4681187
13075,Cook,GA,403853
13077,Coweta,GA,5790634
13079,Crawford,GA,156674
13081,Crisp,GA,1006841
13083,Dade,GA,484238
13085,Dawson,GA,1039479
13087,Decatur,GA,1049463
13089,Dekalb,GA,46351529
13091,Dodge,GA,412479
13093,Dooly,GA,341400
13095,Dougherty,GA,4820604
13097,Douglas,GA,5695324
13099,Early,GA,496004
13101,Echols,GA,41798
13103,Effingham,GA,2344775
13105,Elbert,GA,669673
13107,Emanuel,GA,700790
13109,Evans,GA,397455
13111,Fannin,GA,924354
13113,Fayette,GA,6109018
13115,Floyd,GA,4378964
13117,Forsyth,GA,11932381
13119,Franklin,GA,972751
13121,Fulton,GA,198475810
13123,Gilmer,GA,1019444
13125,Glascock,GA,31419
13127,Glynn,GA,4529947
13129,Gordon,GA,2463741
13131,Grady,GA,619298
13133,Greene,GA,907410
13135,Gwinnett,GA,54664984
13137,Habersham,GA,1490884
13139,Hall,GA,13196711
13141,Hancock,GA,152102
13143,Haralson,GA,1031307
13145,Harris,GA,641714
13147,Hart,GA,903030
13149,Heard,GA,1395088
13151,Henry,GA,8316003
13153,Houston,GA,7582120
13155,Irwin,GA,214978
13157,Jackson,GA,4436998
13159,Jasper,GA,301042
13161,Jeff Davis,GA,481741
13163,Jefferson,GA,521917
13165,Jenkins,GA,152664
13167,Johnson,GA,120156
13169,Jones,GA,436903
13171,Lamar,GA,474582
13173,Lanier,GA,137073
13175,Laurens,GA,1967870
13177,Lee,GA,811944
13179,Liberty,GA,3910016
13181,Lincoln,GA,135859
13183,Long,GA,214188
13185,Lowndes,GA,5331454
13187,Lumpkin,GA,970374
13189,Mcduffie,GA,705983
13191,Mcintosh,GA,221120
13193,Macon,GA,404368
13195,Madison,GA,606226
13197,Marion,GA,109737
13199,Meriwether,GA,649474
13201,Miller,GA,199147
13205,Mitchell,GA,728036
13207,Monroe,GA,1340806
13209,Montgomery,GA,146407
13211,Morgan,GA,1045856
13213,Murray,GA,1496145
13215,Muscogee,GA,10668407
13217,Newton,GA,3185497
13219,Oconee,GA,1824213
13221,Oglethorpe,GA,328870
13223,Paulding,GA,3626648
13225,Peach,GA,968450
13227,Pickens,GA,1108981
13229,Pierce,GA,479419
13231,Pike,GA,369342
13233,Polk,GA,1357462
13235,Pulaski,GA,267523
13237,Putnam,GA,615927
13239,Quitman,GA,31965
13241,Rabun,GA,605814
13243,Randolph,GA,182321
13245,Richmond,GA,13146409
13247,Rockdale,GA,4306313
13249,Schley,GA,114050
13251,Screven,GA,301279
13253,Seminole,GA,297046
13255,Spalding,GA,2280849
13257,Stephens,GA,962013
13259,Stewart,GA,164767
13261,Sumter,GA,971974
13263,Talbot,GA,145609
13265,Taliaferro,GA,29027
13267,Tattnall,GA,593515
13269,Taylor,GA,222954
13271,Telfair,GA,268469
13273,Terrell,GA,237098
13275,Thomas,GA,2355768
13277,Tift,GA,2053957
13279,Toombs,GA,1029663
13281,Towns,GA,416649
13283,Treutlen,GA,103731
13285,Troup,GA,3900318
13287,Turner,GA,206281
13289,Twiggs,GA,229967
13291,Union,GA,893996
13293,Upson,GA,687668
13295,Walker,GA,1645262
13297,Walton,GA,3039385
13299,Ware,GA,1383699
13301,Warren,GA,166457
13303,Washington,GA,637803
13305,Wayne,GA,1816523
13307,Webster,GA,66432
13309,Wheeler,GA,114918
13311,White,GA,920697
13313,Whitfield,GA,5966879
13315,Wilcox,GA,146004
13317,Wilkes,GA,341281
13319,Wilkinson,GA,529402
13321,Worth,GA,308979
15001,Hawaii,HI,8774703
15003,Honolulu,HI,65999825
15007,Kauai,HI,4122688
15009,Maui,HI,4857464.5
15005,Kalawao,HI,4857464.5
16001,Ada,ID,35113870
16003,Adams,ID,138816
16005,Bannock,ID,3223311
16007,Bear Lake,ID,207235
16009,Benewah,ID,377449
16011,Bingham,ID,1633289
16013,Blaine,ID,1891730
16015,Boise,ID,177455
16017,Bonner,ID,1889687
16019,Bonneville,ID,6993646
16021,Boundary,ID,425087
16023,Butte,ID,1505828
16025,Camas,ID,83058
16027,Canyon,ID,8412247
16029,Caribou,ID,764245
16031,Cassia,ID,1624533
16033,Clark,ID,39081
16035,Clearwater,ID,376711
16037,Custer,ID,190361
16039,Elmore,ID,1402089
16041,Franklin,ID,470685
16043,Fremont,ID,436888
16045,Gem,ID,484206
16047,Gooding,ID,1161920
16049,Idaho,ID,467030
16051,Jefferson,ID,968754
16053,Jerome,ID,1333618
16055,Kootenai,ID,8343499
16057,Latah,ID,1626765
16059,Lemhi,ID,301863
16061,Lewis,ID,166964
16063,Lincoln,ID,259109
16065,Madison,ID,1550948
16067,Minidoka,ID,929267
16069,Nez Perce,ID,2293576
16071,Oneida,ID,158549
16073,Owyhee,ID,445220
16075,Payette,ID,891106
16077,Power,ID,433698
16079,Shoshone,ID,690255
16081,Teton,ID,491722
16083,Twin Falls,ID,4492281
16085,Valley,ID,592687
16087,Washington,ID,504932
17001,Adams,IL,3564837
17003,Alexander,IL,134411
17005,Bond,IL,598697
17007,Boone,IL,1677996
17009,Brown,IL,432196
17011,Bureau,IL,1210687
17013,Calhoun,IL,92688
17015,Carroll,IL,564549
17017,Cass,IL,694219
17019,Champaign,IL,12077598
17021,Christian,IL,1464861
17023,Clark,IL,520657
17025,Clay,IL,594368
17027,Clinton,IL,1150093
17029,Coles,IL,2644677
17031,Cook,IL,427566643
17033,Crawford,IL,1083100
17035,Cumberland,IL,987505
17037,Dekalb,IL,4177414
17039,De Witt,IL,1253741
17041,Douglas,IL,1121123
17043,Dupage,IL,100921668
17045,Edgar,IL,848907
17047,Edwards,IL,279408
17049,Effingham,IL,2198016
17051,Fayette,IL,578070
17053,Ford,IL,828588
17055,Franklin,IL,969829
17057,Fulton,IL,859833
17059,Gallatin,IL,151124
17061,Greene,IL,320177
17063,Grundy,IL,4536653
17065,Hamilton,IL,307036
17067,Hancock,IL,596329
17069,Hardin,IL,100553
17071,Henderson,IL,179187
17073,Henry,IL,1560040
17075,Iroquois,IL,1029374
17077,Jackson,IL,2616146
17079,Jasper,IL,471934
17081,Jefferson,IL,1754054
17083,Jersey,IL,522212
17085,Jo Daviess,IL,825237
17087,Johnson,IL,220784
17089,Kane,IL,28130759
17091,Kankakee,IL,7040527
17093,Kendall,IL,3917362
17095,Knox,IL,1736146
17097,Lake,IL,65112727
17099,Lasalle,IL,5896416
17101,Lawrence,IL,487412
17103,Lee,IL,1590627
17105,Livingston,IL,2185909
17107,Logan,IL,1057858
17109,Mcdonough,IL,1110554
17111,Mchenry,IL,11819877
17113,Mclean,IL,12363558
17115,Macon,IL,7017642
17117,Macoupin,IL,1148865
17119,Madison,IL,11236150
17121,Marion,IL,1331300
17123,Marshall,IL,461233
17125,Mason,IL,450786
17127,Massac,IL,371182
17129,Menard,IL,263932
17131,Mercer,IL,424760
17133,Monroe,IL,1037120
17135,Montgomery,IL,1201183
17137,Morgan,IL,1499477
17139,Moultrie,IL,806577
17141,Ogle,IL,2984539
17143,Peoria,IL,13248830
17145,Perry,IL,628861
17147,Piatt,IL,519338
17149,Pike,IL,548769
17151,Pope,IL,59996
17153,Pulaski,IL,151032
17155,Putnam,IL,306599
17157,Randolph,IL,1522952
17159,Richland,IL,558612
17161,Rock Island,IL,10037364
17163,St. Clair,IL,12481020
17165,Saline,IL,810808
17167,Sangamon,IL,11807838
17169,Schuyler,IL,226300
17171,Scott,IL,151463
17173,Shelby,IL,825949
17175,Stark,IL,255768
17177,Stephenson,IL,1800491
17179,Tazewell,IL,5918091
17181,Union,IL,395665
17183,Vermilion,IL,3262640
17185,Wabash,IL,329762
17187,Warren,IL,854586
17189,Washington,IL,1040903
17191,Wayne,IL,455309
17193,White,IL,506545
17195,Whiteside,IL,2146857
17197,Will,IL,37664561
17199,Williamson,IL,3072167
17201,Winnebago,IL,14026051
17203,Woodford,IL,1248514
18001,Adams,IN,1780675
18003,Allen,IN,22655060
18005,Bartholomew,IN,6847408
18007,Benton,IN,486006
18009,Blackford,IN,333249
18011,Boone,IN,4384492
18013,Brown,IN,315494
18015,Carroll,IN,690943
18017,Cass,IN,1485297
18019,Clark,IN,5930137
18021,Clay,IN,887000
18023,Clinton,IN,1538816
18025,Crawford,IN,194233
18027,Daviess,IN,1524689
18029,Dearborn,IN,1840758
18031,Decatur,IN,1639380
18033,Dekalb,IN,2813045
18035,Delaware,IN,4336147
18037,Dubois,IN,2714027
18039,Elkhart,IN,18282076
18041,Fayette,IN,561277
18043,Floyd,IN,3153211
18045,Fountain,IN,576236
18047,Franklin,IN,562803
18049,Fulton,IN,716930
18051,Gibson,IN,3773866
18053,Grant,IN,2526146
18055,Greene,IN,663129
18057,Hamilton,IN,23231110
18059,Hancock,IN,3761571
18061,Harrison,IN,1239291
18063,Hendricks,IN,7751155
18065,Henry,IN,1536053
18067,Howard,IN,4968417
18069,Huntington,IN,1582554
18071,Jackson,IN,2882407
18073,Jasper,IN,1438667
18075,Jay,IN,1052466
18077,Jefferson,IN,1713315
18079,Jennings,IN,749300
18081,Johnson,IN,6157867
18083,Knox,IN,1903915
18085,Kosciusko,IN,6390847
18087,Lagrange,IN,1938105
18089,Lake,IN,24165578
18091,Laporte,IN,4396220
18093,Lawrence,IN,1488721
18095,Madison,IN,4131600
18097,Marion,IN,106819869
18099,Marshall,IN,1726578
18101,Martin,IN,1185807
18103,Miami,IN,936012
18105,Monroe,IN,7295054
18107,Montgomery,IN,1882560
18109,Morgan,IN,1989762
18111,Newton,IN,354299
18113,Noble,IN,2045852
18115,Ohio,IN,113603
18117,Orange,IN,675715
18119,Owen,IN,612523
18121,Parke,IN,412240
18123,Perry,IN,930525
18125,Pike,IN,531808
18127,Porter,IN,8223354
18129,Posey,IN,4598651
18131,Pulaski,IN,709451
18133,Putnam,IN,1107496
18135,Randolph,IN,928348
18137,Ripley,IN,1078202
18139,Rush,IN,663526
18141,St. Joseph,IN,14975120
18143,Scott,IN,717434
18145,Shelby,IN,2174492
18147,Spencer,IN,912024
18149,Starke,IN,561117
18151,Steuben,IN,1511050
18153,Sullivan,IN,968271
18155,Switzerland,IN,244489
18157,Tippecanoe,IN,10924881
18159,Tipton,IN,657663
18161,Union,IN,147699
18163,Vanderburgh,IN,11755123
18165,Vermillion,IN,935783
18167,Vigo,IN,5006205
18169,Wabash,IN,1311465
18171,Warren,IN,283351
18173,Warrick,IN,2690518
18175,Washington,IN,718095
18177,Wayne,IN,2969521
18179,Wells,IN,1199283
18181,White,IN,1143932
18183,Whitley,IN,2050396
19001,Adair,IA,500394
19003,Adams,IA,215688
19005,Allamakee,IA,533600
19007,Appanoose,IA,393687
19009,Audubon,IA,347585
19011,Benton,IA,897548
19013,Black Hawk,IA,7953333
19015,Boone,IA,1040805
19017,Bremer,IA,1205892
19019,Buchanan,IA,827922
19021,Buena Vista,IA,1425482
19023,Butler,IA,550384
19025,Calhoun,IA,427098
19027,Carroll,IA,1355124
19029,Cass,IA,726514
19031,Cedar,IA,629905
19033,Cerro Gordo,IA,2771827
19035,Cherokee,IA,810264
19037,Chickasaw,IA,806330
19039,Clarke,IA,438218
19041,Clay,IA,1104274
19043,Clayton,IA,850637
19045,Clinton,IA,2288022
19047,Crawford,IA,812843
19049,Dallas,IA,8031733
19051,Davis,IA,291449
19053,Decatur,IA,207514
19055,Delaware,IA,944374
19057,Des Moines,IA,2124389
19059,Dickinson,IA,1105415
19061,Dubuque,IA,7014874
19063,Emmet,IA,346032
19065,Fayette,IA,758170
19067,Floyd,IA,886329
19069,Franklin,IA,614966
19071,Fremont,IA,328808
19073,Greene,IA,514357
19075,Grundy,IA,570433
19077,Guthrie,IA,534964
19079,Hamilton,IA,788053
19081,Hancock,IA,897652
19083,Hardin,IA,933199
19085,Harrison,IA,535290
19087,Henry,IA,899720
19089,Howard,IA,540575
19091,Humboldt,IA,451174
19093,Ida,IA,626486
19095,Iowa,IA,964151
19097,Jackson,IA,659075
19099,Jasper,IA,1174834
19101,Jefferson,IA,740786
19103,Johnson,IA,9674806
19105,Jones,IA,673402
19107,Keokuk,IA,336576
19109,Kossuth,IA,981971
19111,Lee,IA,1774682
19113,Linn,IA,17227849
19115,Louisa,IA,769295
19117,Lucas,IA,266695
19119,Lyon,IA,960549
19121,Madison,IA,506735
19123,Mahaska,IA,870010
19125,Marion,IA,2189021
19127,Marshall,IA,1772838
19129,Mills,IA,512229
19131,Mitchell,IA,804208
19133,Monona,IA,383764
19135,Monroe,IA,484287
19137,Montgomery,IA,423925
19139,Muscatine,IA,2524754
19141,O'brien,IA,898626
19143,Osceola,IA,379581
19145,Page,IA,636541
19147,Palo Alto,IA,556422
19149,Plymouth,IA,1569701
19151,Pocahontas,IA,471793
19153,Polk,IA,48719285
19155,Pottawattamie,IA,4552586
19157,Poweshiek,IA,1215623
19159,Ringgold,IA,157466
19161,Sac,IA,581965
19163,Scott,IA,10401105
19165,Shelby,IA,808166
19167,Sioux,IA,2577309
19169,Story,IA,5913693
19171,Tama,IA,662882
19173,Taylor,IA,281085
19175,Union,IA,820383
19177,Van Buren,IA,223115
19179,Wapello,IA,1720335
19181,Warren,IA,1435070
19183,Washington,IA,1263482
19185,Wayne,IA,227226
19187,Webster,IA,2115534
19189,Winnebago,IA,481408
19191,Winneshiek,IA,1001120
19193,Woodbury,IA,5531457
19195,Worth,IA,368459
19197,Wright,IA,841855
20001,Allen,KS,550597
20003,Anderson,KS,387165
20005,Atchison,KS,613259
20007,Barber,KS,202673
20009,Barton,KS,1292914
20011,Bourbon,KS,577764
20013,Brown,KS,504554
20015,Butler,KS,2724650
20017,Chase,KS,124425
20019,Chautauqua,KS,85261
20021,Cherokee,KS,834410
20023,Cheyenne,KS,132840
20025,Clark,KS,216834
20027,Clay,KS,282112
20029,Cloud,KS,456890
20031,Coffey,KS,717940
20033,Comanche,KS,71049
20035,Cowley,KS,1311009
20037,Crawford,KS,1646436
20039,Decatur,KS,161677
20041,Dickinson,KS,665664
20043,Doniphan,KS,247113
20045,Douglas,KS,5438191
20047,Edwards,KS,167344
20049,Elk,KS,86035
20051,Ellis,KS,1738049
20053,Ellsworth,KS,281763
20055,Finney,KS,2310012
20057,Ford,KS,2405288
20059,Franklin,KS,873801
20061,Geary,KS,2847226
20063,Gove,KS,225172
20065,Graham,KS,171650
20067,Grant,KS,384780
20069,Gray,KS,658720
20071,Greeley,KS,129986
20073,Greenwood,KS,177441
20075,Hamilton,KS,216527
20077,Harper,KS,291040
20079,Harvey,KS,1345105
20081,Haskell,KS,369292
20083,Hodgeman,KS,139278
20085,Jackson,KS,365647
20087,Jefferson,KS,372622
20089,Jewell,KS,130802
20091,Johnson,KS,58411422
20093,Kearny,KS,227969
20095,Kingman,KS,315236
20097,Kiowa,KS,114986
20099,Labette,KS,803553
20101,Lane,KS,151780
20103,Leavenworth,KS,3046021
20105,Lincoln,KS,147096
20107,Linn,KS,487297
20109,Logan,KS,165949
20111,Lyon,KS,1536126
20113,Mcpherson,KS,2007929
20115,Marion,KS,401797
20117,Marshall,KS,555505
20119,Meade,KS,224946
20121,Miami,KS,1071145
20123,Mitchell,KS,536474
20125,Montgomery,KS,2037902
20127,Morris,KS,208496
20129,Morton,KS,151360
20131,Nemaha,KS,491989
20133,Neosho,KS,612619
20135,Ness,KS,212760
20137,Norton,KS,310436
20139,Osage,KS,317349
20141,Osborne,KS,198611
20143,Ottawa,KS,134837
20145,Pawnee,KS,285582
20147,Phillips,KS,413878
20149,Pottawatomie,KS,1191831
20151,Pratt,KS,574584
20153,Rawlins,KS,129470
20155,Reno,KS,2661870
20157,Republic,KS,219863
20159,Rice,KS,673956
20161,Riley,KS,2986995
20163,Rooks,KS,217986
20165,Rush,KS,153710
20167,Russell,KS,304424
20169,Saline,KS,2951984
20171,Scott,KS,380077
20173,Sedgwick,KS,32926595
20175,Seward,KS,1285571
20177,Shawnee,KS,11062377
20179,Sheridan,KS,182027
20181,Sherman,KS,322253
20183,Smith,KS,195493
20185,Stafford,KS,203654
20187,Stanton,KS,187303
20189,Stevens,KS,334599
20191,Sumner,KS,738340
20193,Thomas,KS,689630
20195,Trego,KS,182719
20197,Wabaunsee,KS,139826
20199,Wallace,KS,81315
20201,Washington,KS,204458
20203,Wichita,KS,231735
20205,Wilson,KS,323292
20207,Woodson,KS,81730
20209,Wyandotte,KS,11587330
21001,Adair,KY,401269
21003,Allen,KY,470693
21005,Anderson,KY,587853
21007,Ballard,KY,262736
21009,Barren,KY,1393900
21011,Bath,KY,205484
21013,Bell,KY,746751
21015,Boone,KY,12390860
21017,Bourbon,KY,922480
21019,Boyd,KY,2906677
21021,Boyle,KY,1326937
21023,Bracken,KY,171819
21025,Breathitt,KY,234667
21027,Breckinridge,KY,376576
21029,Bullitt,KY,2663712
21031,Butler,KY,311477
21033,Caldwell,KY,419651
21035,Calloway,KY,1423963
21037,Campbell,KY,3781082
21039,Carlisle,KY,188897
21041,Carroll,KY,1869655
21043,Carter,KY,504300
21045,Casey,KY,344675
21047,Christian,KY,6064788
21049,Clark,KY,1534534
21051,Clay,KY,359732
21053,Clinton,KY,319516
21055,Crittenden,KY,188434
21057,Cumberland,KY,180698
21059,Daviess,KY,4652119
21061,Edmonson,KY,186493
21063,Elliott,KY,84941
21065,Estill,KY,234918
21067,Fayette,KY,22149133
21069,Fleming,KY,326112
21071,Floyd,KY,1096792
21073,Franklin,KY,3439911
21075,Fulton,KY,222797
21077,Gallatin,KY,394823
21079,Garrard,KY,295918
21081,Grant,KY,575458
21083,Graves,KY,1290645
21085,Grayson,KY,723147
21087,Green,KY,164384
21089,Greenup,KY,805423
21091,Hancock,KY,878191
21093,Hardin,KY,5739094
21095,Harlan,KY,568524
21097,Harrison,KY,535178
21099,Hart,KY,598024
21101,Henderson,KY,2171778
21103,Henry,KY,343437
21105,Hickman,KY,188438
21107,Hopkins,KY,1912179
21109,Jackson,KY,167968
21111,Jefferson,KY,60907816
21113,Jessamine,KY,2177706
21115,Johnson,KY,451049
21117,Kenton,KY,9608875
21119,Knott,KY,209998
21121,Knox,KY,641557
21123,Larue,KY,219291
21125,Laurel,KY,2274446
21127,Lawrence,KY,411484
21129,Lee,KY,133745
21131,Leslie,KY,152009
21133,Letcher,KY,407657
21135,Lewis,KY,198358
21137,Lincoln,KY,437831
21139,Livingston,KY,328823
21141,Logan,KY,1142686
21143,Lyon,KY,246162
21145,Mccracken,KY,5106986
21147,Mccreary,KY,261087
21149,Mclean,KY,230147
21151,Madison,KY,3358458
21153,Magoffin,KY,154012
21155,Marion,KY,934829
21157,Marshall,KY,1394413
21159,Martin,KY,193927
21161,Mason,KY,1257681
21163,Meade,KY,666561
21165,Menifee,KY,92195
21167,Mercer,KY,835839
21169,Metcalfe,KY,198137
21171,Monroe,KY,310862
21173,Montgomery,KY,1072007
21175,Morgan,KY,282920
21177,Muhlenberg,KY,1167632
21179,Nelson,KY,1770249
21181,Nicholas,KY,91829
21183,Ohio,KY,832071
21185,Oldham,KY,2148045
21187,Owen,KY,184031
21189,Owsley,KY,56263
21191,Pendleton,KY,301659
21193,Perry,KY,999213
21195,Pike,KY,1982514
21197,Powell,KY,242937
21199,Pulaski,KY,2329999
21201,Robertson,KY,30228
21203,Rockcastle,KY,366269
21205,Rowan,KY,821901
21207,Russell,KY,778889
21209,Scott,KY,3471923
21211,Shelby,KY,1757529
21213,Simpson,KY,1047507
21215,Spencer,KY,318849
21217,Taylor,KY,853935
21219,Todd,KY,408628
21221,Trigg,KY,296525
21223,Trimble,KY,520857
21225,Union,KY,823576
21227,Warren,KY,8637440
21229,Washington,KY,340036
21231,Wayne,KY,412747
21233,Webster,KY,361871
21235,Whitley,KY,1148490
21237,Wolfe,KY,122956
21239,Woodford,KY,1154397
22001,Acadia,LA,1554051
22003,Allen,LA,744574
22005,Ascension,LA,9397317
22007,Assumption,LA,504452
22009,Avoyelles,LA,949990
22011,Beauregard,LA,1415291
22013,Bienville,LA,658673
22015,Bossier,LA,5719967
22017,Caddo,LA,14118726
22019,Calcasieu,LA,13869163
22021,Caldwell,LA,187609
22023,Cameron,LA,733161
22025,Catahoula,LA,183886
22027,Claiborne,LA,384953
22029,Concordia,LA,586711
22031,De Soto,LA,2694250
22033,East Baton Rouge,LA,35303037
22035,East Carroll,LA,124236
22037,East Feliciana,LA,512387
22039,Evangeline,LA,936274
22041,Franklin,LA,497508
22043,Grant,LA,426166
22045,Iberia,LA,2831501
22047,Iberville,LA,2473237
22049,Jackson,LA,435954
22051,Jefferson,LA,24410200
22053,Jefferson Davis,LA,782510
22055,Lafayette,LA,15460525
22057,Lafourche,LA,4364179
22059,La Salle,LA,485221
22061,Lincoln,LA,2076857
22063,Livingston,LA,3321450
22065,Madison,LA,345978
22067,Morehouse,LA,557512
22069,Natchitoches,LA,1487520
22071,Orleans,LA,23805024
22073,Ouachita,LA,7254241
22075,Plaquemines,LA,2689374
22077,Pointe Coupee,LA,784186
22079,Rapides,LA,5658355
22081,Red River,LA,786153
22083,Richland,LA,667505
22085,Sabine,LA,1064109
22087,St. Bernard,LA,1239124
22089,St. Charles,LA,8921067
22091,St. Helena,LA,205351
22093,St. James,LA,2423056
22095,St. John The Baptist,LA,2781487
22097,St. Landry,LA,2382202
22099,St. Martin,LA,1417857
22101,St. Mary,LA,2877217
22103,St. Tammany,LA,13057249
22105,Tangipahoa,LA,4756791
22107,Tensas,LA,109470
22109,Terrebonne,LA,5525959
22111,Union,LA,504199
22113,Vermilion,LA,1374251
22115,Vernon,LA,2048619
22117,Washington,LA,1113274
22119,Webster,LA,1132725
22121,West Baton Rouge,LA,1549862
22123,West Carroll,LA,176848
22125,West Feliciana,LA,870155
22127,Winn,LA,568235
23001,Androscoggin,ME,5383444
23003,Aroostook,ME,2570781
23005,Cumberland,ME,26732301
23007,Franklin,ME,1138827
23009,Hancock,ME,2738772
23011,Kennebec,ME,6534809
23013,Knox,ME,2021203
23015,Lincoln,ME,1375392
23017,Oxford,ME,1912837
23019,Penobscot,ME,7231746
23021,Piscataquis,ME,643090
23023,Sagadahoc,ME,2398061
23025,Somerset,ME,1802108
23027,Waldo,ME,1533828
23029,Washington,ME,1106320
23031,York,ME,10112682
24001,Allegany,MD,2686150
24003,Anne Arundel,MD,52855578
24005,Baltimore,MD,56988352
24009,Calvert,MD,4437122
24011,Caroline,MD,1178947
24013,Carroll,MD,6678160
24015,Cecil,MD,5480881
24017,Charles,MD,6092222
24019,Dorchester,MD,1321022
24021,Frederick,MD,15401837
24023,Garrett,MD,1312205
24025,Harford,MD,13702502
24027,Howard,MD,30108718
24029,Kent,MD,970030
24031,Montgomery,MD,95022737
24033,Prince George's,MD,48649645
24035,Queen Anne's,MD,2077194
24037,St. Mary's,MD,8198447
24039,Somerset,MD,797479
24041,Talbot,MD,2119369
24043,Washington,MD,7232578
24045,Wicomico,MD,5451770
24047,Worcester,MD,2957157
24510,Baltimore City,MD,51151033
25001,Barnstable,MA,14483670
25003,Berkshire,MA,7240663
25005,Bristol,MA,27170801
25007,Dukes,MA,1596463
25009,Essex,MA,48080288
25011,Franklin,MA,2988888
25013,Hampden,MA,23113491
25015,Hampshire,MA,7823339
25017,Middlesex,MA,197209394
25019,Nantucket,MA,1519088
25021,Norfolk,MA,58088322
25023,Plymouth,MA,27762507
25025,Suffolk,MA,151981903
25027,Worcester,MA,46807136
26001,Alcona,MI,222259
26003,Alger,MI,262200
26005,Allegan,MI,5103112
26007,Alpena,MI,1153565
26009,Antrim,MI,630545
26011,Arenac,MI,437524
26013,Baraga,MI,300212
26015,Barry,MI,1704288
26017,Bay,MI,3628109
26019,Benzie,MI,564663
26021,Berrien,MI,7361870
26023,Branch,MI,1446933
26025,Calhoun,MI,7197440
26027,Cass,MI,1588802
26029,Charlevoix,MI,1328042
26031,Cheboygan,MI,677824
26033,Chippewa,MI,1271133
26035,Clare,MI,1243321
26037,Clinton,MI,2441540
26039,Crawford,MI,453997
26041,Delta,MI,1221115
26043,Dickinson,MI,1369976
26045,Eaton,MI,6091867
26047,Emmet,MI,1966880
26049,Genesee,MI,16090544
26051,Gladwin,MI,470332
26053,Gogebic,MI,484235
26055,Grand Traverse,MI,5782816
26057,Gratiot,MI,1561141
26059,Hillsdale,MI,1872509
26061,Houghton,MI,1212067
26063,Huron,MI,1645881
26065,Ingham,MI,18899392
26067,Ionia,MI,1891422
26069,Iosco,MI,958526
26071,Iron,MI,327128
26073,Isabella,MI,2548155
26075,Jackson,MI,6909361
26077,Kalamazoo,MI,16666024
26079,Kalkaska,MI,619912
26081,Kent,MI,46488276
26083,Keweenaw,MI,63374
26085,Lake,MI,215175
26087,Lapeer,MI,2432790
26089,Leelanau,MI,848712
26091,Lenawee,MI,3414233
26093,Livingston,MI,7752182
26095,Luce,MI,165173
26097,Mackinac,MI,521059
26099,Macomb,MI,42989560
26101,Manistee,MI,886312
26103,Marquette,MI,2895594
26105,Mason,MI,1029011
26107,Mecosta,MI,1323440
26109,Menominee,MI,744697
26111,Midland,MI,6344935
26113,Missaukee,MI,453918
26115,Monroe,MI,6247886
26117,Montcalm,MI,1684145
26119,Montmorency,MI,247552
26121,Muskegon,MI,6493351
26123,Newaygo,MI,1621830
26125,Oakland,MI,114874085
26127,Oceana,MI,655313
26129,Ogemaw,MI,550920
26131,Ontonagon,MI,136639
26133,Osceola,MI,804299
26135,Oscoda,MI,231107
26137,Otsego,MI,1179916
26139,Ottawa,MI,16152381
26141,Presque Isle,MI,377642
26143,Roscommon,MI,632223
26145,Saginaw,MI,8934115
26147,St. Clair,MI,6038254
26149,St. Joseph,MI,2232753
26151,Sanilac,MI,1288840
26153,Schoolcraft,MI,278352
26155,Shiawassee,MI,1848724
26157,Tuscola,MI,1437917
26159,Van Buren,MI,2626677
26161,Washtenaw,MI,27760301
26163,Wayne,MI,102394962
26165,Wexford,MI,1364403
27001,Aitkin,MN,480680
27003,Anoka,MN,15877005
27005,Becker,MN,1488619
27007,Beltrami,MN,1910450
27009,Benton,MN,1805140
27011,Big Stone,MN,229850
27013,Blue Earth,MN,4174644
27015,Brown,MN,1475880
27017,Carlton,MN,1371032
27019,Carver,MN,6058226
27021,Cass,MN,1053009
27023,Chippewa,MN,571377
27025,Chisago,MN,1729463
27027,Clay,MN,2199170
27029,Clearwater,MN,301698
27031,Cook,MN,294725
27033,Cottonwood,MN,635748
27035,Crow Wing,MN,3007898
27037,Dakota,MN,27844109
27039,Dodge,MN,794032
27041,Douglas,MN,2083663
27043,Faribault,MN,551249
27045,Fillmore,MN,680710
27047,Freeborn,MN,1281661
27049,Goodhue,MN,2865729
27051,Grant,MN,259855
27053,Hennepin,MN,153162816
27055,Houston,MN,591568
27057,Hubbard,MN,753919
27059,Isanti,MN,1196217
27061,Itasca,MN,2128986
27063,Jackson,MN,614284
27065,Kanabec,MN,390906
27067,Kandiyohi,MN,2208229
27069,Kittson,MN,211484
27071,Koochiching,MN,496496
27073,Lac Qui Parle,MN,325390
27075,Lake,MN,516864
27077,Lake Of The Woods,MN,190748
27079,Le Sueur,MN,978654
27081,Lincoln,MN,437918
27083,Lyon,MN,1593208
27085,Mcleod,MN,1779165
27087,Mahnomen,MN,180406
27089,Marshall,MN,384573
27091,Martin,MN,936718
27093,Meeker,MN,1279906
27095,Mille Lacs,MN,861629
27097,Morrison,MN,1126406
27099,Mower,MN,2370640
27101,Murray,MN,496383
27103,Nicollet,MN,1495660
27105,Nobles,MN,1284714
27107,Norman,MN,192057
27109,Olmsted,MN,12632373
27111,Otter Tail,MN,2456540
27113,Pennington,MN,1981924
27115,Pine,MN,702512
27117,Pipestone,MN,683865
27119,Polk,MN,1265187
27121,Pope,MN,524630
27123,Ramsey,MN,44416566
27125,Red Lake,MN,176908
27127,Redwood,MN,1057182
27129,Renville,MN,774751
27131,Rice,MN,2994454
27133,Rock,MN,654896
27135,Roseau,MN,1288795
27137,St. Louis,MN,11012246
27139,Scott,MN,7791777
27141,Sherburne,MN,3483095
27143,Sibley,MN,460320
27145,Stearns,MN,9293477
27147,Steele,MN,2223494
27149,Stevens,MN,531993
27151,Swift,MN,571031
27153,Todd,MN,820970
27155,Traverse,MN,241941
27157,Wabasha,MN,763145
27159,Wadena,MN,527522
27161,Waseca,MN,872591
27163,Washington,MN,12783370
27165,Watonwan,MN,442393
27167,Wilkin,MN,357795
27169,Winona,MN,2301208
27171,Wright,MN,5162637
27173,Yellow Medicine,MN,561042
28001,Adams,MS,958252
28003,Alcorn,MS,1278826
28005,Amite,MS,299151
28007,Attala,MS,531911
28009,Benton,MS,326061
28011,Bolivar,MS,1080532
28013,Calhoun,MS,277419
28015,Carroll,MS,101956
28017,Chickasaw,MS,415484
28019,Choctaw,MS,672920
28021,Claiborne,MS,753089
28023,Clarke,MS,292827
28025,Clay,MS,535009
28027,Coahoma,MS,670009
28029,Copiah,MS,724176
28031,Covington,MS,737305
28033,Desoto,MS,7078157
28035,Forrest,MS,3747996
28037,Franklin,MS,207644
28039,George,MS,510548
28041,Greene,MS,183330
28043,Grenada,MS,892512
28045,Hancock,MS,1828268
28047,Harrison,MS,9741404
28049,Hinds,MS,12174864
28051,Holmes,MS,266001
28053,Humphreys,MS,187507
28055,Issaquena,MS,27998
28057,Itawamba,MS,616532
28059,Jackson,MS,7391018
28061,Jasper,MS,470877
28063,Jefferson,MS,97447
28065,Jefferson Davis,MS,184586
28067,Jones,MS,2958184
28069,Kemper,MS,286202
28071,Lafayette,MS,2364876
28073,Lamar,MS,2132030
28075,Lauderdale,MS,3541660
28077,Lawrence,MS,348875
28079,Leake,MS,622007
28081,Lee,MS,5020893
28083,Leflore,MS,1152844
28085,Lincoln,MS,1167545
28087,Lowndes,MS,3253802
28089,Madison,MS,7803969
28091,Marion,MS,817294
28093,Marshall,MS,862414
28095,Monroe,MS,940091
28097,Montgomery,MS,202257
28099,Neshoba,MS,1113354
28101,Newton,MS,538509
28103,Noxubee,MS,251454
28105,Oktibbeha,MS,2003967
28107,Panola,MS,1104627
28109,Pearl River,MS,1141163
28111,Perry,MS,293559
28113,Pike,MS,1168457
28115,Pontotoc,MS,938689
28117,Prentiss,MS,602847
28119,Quitman,MS,98841
28121,Rankin,MS,7607143
28123,Scott,MS,1069790
28125,Sharkey,MS,104614
28127,Simpson,MS,642787
28129,Smith,MS,383376
28131,Stone,MS,434561
28133,Sunflower,MS,712284
28135,Tallahatchie,MS,310903
28137,Tate,MS,576604
28139,Tippah,MS,663012
28141,Tishomingo,MS,659740
28143,Tunica,MS,624648
28145,Union,MS,1153362
28147,Walthall,MS,262864
28149,Warren,MS,2434014
28151,Washington,MS,1398082
28153,Wayne,MS,623060
28155,Webster,MS,218842
28157,Wilkinson,MS,148521
28159,Winston,MS,498271
28161,Yalobusha,MS,312425
28163,Yazoo,MS,763175
29001,Adair,MO,856741
29003,Andrew,MO,308512
29005,Atchison,MO,389756
29007,Audrain,MO,922972
29009,Barry,MO,1588323
29011,Barton,MO,409870
29013,Bates,MO,456676
29015,Benton,MO,458360
29017,Bollinger,MO,167618
29019,Boone,MO,10266814
29021,Buchanan,MO,5019640
29023,Butler,MO,1538188
29025,Caldwell,MO,222603
29027,Callaway,MO,1925497
29029,Camden,MO,1733853
29031,Cape Girardeau,MO,4292056
29033,Carroll,MO,338477
29035,Carter,MO,127607
29037,Cass,MO,3032459
29039,Cedar,MO,322563
29041,Chariton,MO,296937
29043,Christian,MO,1969109
29045,Clark,MO,166743
29047,Clay,MO,13854366
29049,Clinton,MO,414136
29051,Cole,MO,5729719
29053,Cooper,MO,490033
29055,Crawford,MO,738930
29057,Dade,MO,196059
29059,Dallas,MO,297278
29061,Daviess,MO,175469
29063,Dekalb,MO,317276
29065,Dent,MO,374432
29067,Douglas,MO,220231
29069,Dunklin,MO,735340
29071,Franklin,MO,5001462
29073,Gasconade,MO,460229
29075,Gentry,MO,217487
29077,Greene,MO,18534513
29079,Grundy,MO,303454
29081,Harrison,MO,243180
29083,Henry,MO,795071
29085,Hickory,MO,178552
29087,Holt,MO,191196
29089,Howard,MO,227665
29091,Howell,MO,1363953
29093,Iron,MO,357416
29095,Jackson,MO,51267431
29097,Jasper,MO,5489065
29099,Jefferson,MO,5124802
29101,Johnson,MO,1968735
29103,Knox,MO,131760
29105,Laclede,MO,1654847
29107,Lafayette,MO,879153
29109,Lawrence,MO,947786
29111,Lewis,MO,245245
29113,Lincoln,MO,1368075
29115,Linn,MO,404525
29117,Livingston,MO,563493
29119,Mcdonald,MO,789415
29121,Macon,MO,613023
29123,Madison,MO,280456
29125,Maries,MO,188998
29127,Marion,MO,1249377
29129,Mercer,MO,106381
29131,Miller,MO,735707
29133,Mississippi,MO,323478
29135,Moniteau,MO,481732
29137,Monroe,MO,238019
29139,Montgomery,MO,366081
29141,Morgan,MO,579947
29143,New Madrid,MO,993448
29145,Newton,MO,2207312
29147,Nodaway,MO,750826
29149,Oregon,MO,210889
29151,Osage,MO,430951
29153,Ozark,MO,150006
29155,Pemiscot,MO,449499
29157,Perry,MO,903069
29159,Pettis,MO,2479925
29161,Phelps,MO,1680273
29163,Pike,MO,553471
29165,Platte,MO,7648431
29167,Polk,MO,917541
29169,Pulaski,MO,2335292
29171,Putnam,MO,133505
29173,Ralls,MO,673421
29175,Randolph,MO,1281782
29177,Ray,MO,504120
29179,Reynolds,MO,205807
29181,Ripley,MO,216308
29183,St. Charles,MO,20406941
29185,St. Clair,MO,201731
29186,Ste. Genevieve,MO,638568
29187,St. Francois,MO,1765541
29189,St. Louis,MO,91847187
29195,Saline,MO,1000245
29197,Schuyler,MO,142274
29199,Scotland,MO,177598
29201,Scott,MO,1718224
29203,Shannon,MO,143648
29205,Shelby,MO,186679
29207,Stoddard,MO,1058173
29209,Stone,MO,794340
29211,Sullivan,MO,473531
29213,Taney,MO,2824240
29215,Texas,MO,550422
29217,Vernon,MO,875575
29219,Warren,MO,890041
29221,Washington,MO,411747
29223,Wayne,MO,216356
29225,Webster,MO,879885
29227,Worth,MO,52039
29229,Wright,MO,456789
29510,St. Louis City,MO,31984683
30001,Beaverhead,MT,455642
30003,Big Horn,MT,873733
30005,Blaine,MT,196233
30007,Broadwater,MT,210880
30009,Carbon,MT,384861
30011,Carter,MT,43096
30013,Cascade,MT,4179787
30015,Chouteau,MT,331841
30017,Custer,MT,500517
30019,Daniels,MT,97576
30021,Dawson,MT,396732
30023,Deer Lodge,MT,331833
30025,Fallon,MT,202524
30027,Fergus,MT,507457
30029,Flathead,MT,5290713
30031,Gallatin,MT,8543217
30033,Garfield,MT,48085
30035,Glacier,MT,543718
30037,Golden Valley,MT,25397
30039,Granite,MT,116300
30041,Hill,MT,820598
30043,Jefferson,MT,276561
30045,Judith Basin,MT,100511
30047,Lake,MT,918822
30049,Lewis And Clark,MT,4171390
30051,Liberty,MT,257262
30053,Lincoln,MT,634094
30055,Mccone,MT,82820
30057,Madison,MT,546777
30059,Meagher,MT,70393
30061,Mineral,MT,111031
30063,Missoula,MT,6623001
30065,Musselshell,MT,337296
30067,Park,MT,661029
30069,Petroleum,MT,17007
30071,Phillips,MT,129651
30073,Pondera,MT,301426
30075,Powder River,MT,129240
30077,Powell,MT,259064
30079,Prairie,MT,43514
30081,Ravalli,MT,1347507
30083,Richland,MT,986153
30085,Roosevelt,MT,436153
30087,Rosebud,MT,758297
30089,Sanders,MT,376212
30091,Sheridan,MT,166278
30093,Silver Bow,MT,1645474
30095,Stillwater,MT,539528
30097,Sweet Grass,MT,208458
30099,Teton,MT,293022
30101,Toole,MT,409543
30103,Treasure,MT,78837
30105,Valley,MT,304515
30107,Wheatland,MT,79502
30109,Wibaux,MT,43450
30111,Yellowstone,MT,9993308
31001,Adams,NE,2113723
31003,Antelope,NE,642726
31005,Arthur,NE,21940
31007,Banner,NE,39459
31009,Blaine,NE,32659
31011,Boone,NE,471551
31013,Box Butte,NE,506576
31015,Boyd,NE,115696
31017,Brown,NE,207267
31019,Buffalo,NE,3785265
31021,Burt,NE,323323
31023,Butler,NE,426354
31025,Cass,NE,866098
31027,Cedar,NE,468107
31029,Chase,NE,330167
31031,Cherry,NE,336749
31033,Cheyenne,NE,507054
31035,Clay,NE,368017
31037,Colfax,NE,815745
31039,Cuming,NE,846103
31041,Custer,NE,762617
31043,Dakota,NE,1821446
31045,Dawes,NE,285030
31047,Dawson,NE,1720014
31049,Deuel,NE,80904
31051,Dixon,NE,367960
31053,Dodge,NE,2382098
31055,Douglas,NE,56371635
31057,Dundy,NE,177606
31059,Fillmore,NE,424740
31061,Franklin,NE,115265
31063,Frontier,NE,132711
31065,Furnas,NE,336094
31067,Gage,NE,1151648
31069,Garden,NE,77513
31071,Garfield,NE,87380
31073,Gosper,NE,112057
31075,Grant,NE,30885
31077,Greeley,NE,133892
31079,Hall,NE,3988044
31081,Hamilton,NE,716614
31083,Harlan,NE,196595
31085,Hayes,NE,87710
31087,Hitchcock,NE,176749
31089,Holt,NE,680966
31091,Hooker,NE,30364
31093,Howard,NE,236808
31095,Jefferson,NE,469343
31097,Johnson,NE,204420
31099,Kearney,NE,412674
31101,Keith,NE,406061
31103,Keya Paha,NE,33771
31105,Kimball,NE,193315
31107,Knox,NE,666307
31109,Lancaster,NE,21955532
31111,Lincoln,NE,2457678
31113,Logan,NE,33752
31115,Loup,NE,36037
31117,Mcpherson,NE,28502
31119,Madison,NE,2455983
31121,Merrick,NE,410324
31123,Morrill,NE,328848
31125,Nance,NE,186062
31127,Nemaha,NE,794929
31129,Nuckolls,NE,331762
31131,Otoe,NE,1308857
31133,Pawnee,NE,130294
31135,Perkins,NE,308570
31137,Phelps,NE,836665
31139,Pierce,NE,515750
31141,Platte,NE,2910897
31143,Polk,NE,325996
31145,Red Willow,NE,594981
31147,Richardson,NE,372164
31149,Rock,NE,93325
31151,Saline,NE,1031630
31153,Sarpy,NE,10233381
31155,Saunders,NE,832137
31157,Scotts Bluff,NE,1762543
31159,Seward,NE,821696
31161,Sheridan,NE,318938
31163,Sherman,NE,128721
31165,Sioux,NE,73906
31167,Stanton,NE,419877
31169,Thayer,NE,434411
31171,Thomas,NE,33717
31173,Thurston,NE,521171
31175,Valley,NE,304033
31177,Washington,NE,1463457
31179,Wayne,NE,627669
31181,Webster,NE,322433
31183,Wheeler,NE,90116
31185,York,NE,976164
32001,Churchill,NV,1206361
32003,Clark,NV,142816754
32005,Douglas,NV,2863058
32007,Elko,NV,2707880
32009,Esmeralda,NV,40965
32011,Eureka,NV,1064756
32013,Humboldt,NV,1330770
32015,Lander,NV,725875
32017,Lincoln,NV,153422
32019,Lyon,NV,1762249
32021,Mineral,NV,202174
32023,Nye,NV,1904930
32027,Pershing,NV,298294
32029,Storey,NV,1999430
32031,Washoe,NV,32124910
32033,White Pine,NV,613339
32510,Carson,NV,3836985
33001,Belknap,NH,3077600
33003,Carroll,NH,2436876
33005,Cheshire,NH,4022553
33007,Coos,NH,1363574
33009,Grafton,NH,7710924
33011,Hillsborough,NH,30476161
33013,Merrimack,NH,10392468
33015,Rockingham,NH,25975284
33017,Strafford,NH,6441921
33019,Sullivan,NH,1585384
34001,Atlantic,NJ,15025707
34003,Bergen,NJ,82441222
34005,Burlington,NJ,31563624
34007,Camden,NJ,26562641
34009,Cape May,NJ,6149852
34011,Cumberland,NJ,6438499
34013,Essex,NJ,58829083
34015,Gloucester,NJ,14406711
34017,Hudson,NJ,51368280
34019,Hunterdon,NJ,7850163
34021,Mercer,NJ,44411940
34023,Middlesex,NJ,69474434
34025,Monmouth,NJ,41526595
34027,Morris,NJ,60193319
34029,Ocean,NJ,24123172
34031,Passaic,NJ,22059977
34033,Salem,NJ,6088692
34035,Somerset,NJ,45872054
34037,Sussex,NJ,5375269
34039,Union,NJ,39552133
34041,Warren,NJ,4654374
35001,Bernalillo,NM,41812954
35003,Catron,NM,111376
35005,Chaves,NM,2099721
35006,Cibola,NM,628390
35007,Colfax,NM,470242
35009,Curry,NM,3246156
35011,De Baca,NM,85891
35013,Doña Ana,NM,8537154
35015,Eddy,NM,8060199
35017,Grant,NM,1173131
35019,Guadalupe,NM,187534
35021,Harding,NM,36554
35023,Hidalgo,NM,200238
35025,Lea,NM,8531127
35027,Lincoln,NM,670461
35028,Los Alamos,NM,3085463
35029,Luna,NM,904129
35031,Mckinley,NM,2275793
35033,Mora,NM,113386
35035,Otero,NM,2901741
35037,Quay,NM,283466
35039,Rio Arriba,NM,1027897
35041,Roosevelt,NM,682041
35043,Sandoval,NM,4401759
35045,San Juan,NM,5389548
35047,San Miguel,NM,693123
35049,Santa Fe,NM,7512205
35051,Sierra,NM,311965
35053,Socorro,NM,521423
35055,Taos,NM,1076474
35057,Torrance,NM,595372
35059,Union,NM,128861
35061,Valencia,NM,1784303
36001,Albany,NY,35778797
36003,Allegany,NY,1431876
36005,Bronx,NY,44029337
36007,Broome,NY,9026669
36009,Cattaraugus,NY,2824181
36011,Cayuga,NY,3020680
36013,Chautauqua,NY,4804944
36015,Chemung,NY,3622588
36017,Chenango,NY,2299265
36019,Clinton,NY,3699091
36021,Columbia,NY,2630069
36023,Cortland,NY,1787841
36025,Delaware,NY,2298982
36027,Dutchess,NY,14979887
36029,Erie,NY,62943074
36031,Essex,NY,1698579
36033,Franklin,NY,2072656
36035,Fulton,NY,1858160
36037,Genesee,NY,2559396
36039,Greene,NY,2474797
36041,Hamilton,NY,235759
36043,Herkimer,NY,1715790
36045,Jefferson,NY,6434562
36047,Kings,NY,110580419
36049,Lewis,NY,1219155
36051,Livingston,NY,2266955
36053,Madison,NY,2430639
36055,Monroe,NY,48916577
36057,Montgomery,NY,1963503
36059,Nassau,NY,100089673
36061,New York,NY,797092203
36063,Niagara,NY,9964309
36065,Oneida,NY,11543357
36067,Onondaga,NY,32093789
36069,Ontario,NY,6448569
36071,Orange,NY,20713168
36073,Orleans,NY,1374839
36075,Oswego,NY,6694685
36077,Otsego,NY,2638483
36079,Putnam,NY,4048136
36081,Queens,NY,107263194
36083,Rensselaer,NY,11376791
36085,Richmond,NY,17638277
36087,Rockland,NY,18494167
36089,St. Lawrence,NY,4847243
36091,Saratoga,NY,11999733
36093,Schenectady,NY,9242724
36095,Schoharie,NY,1007395
36097,Schuyler,NY,538245
36099,Seneca,NY,1539323
36101,Steuben,NY,4723931
36103,Suffolk,NY,105751656
36105,Sullivan,NY,3341222
36107,Tioga,NY,1450217
36109,Tompkins,NY,6140288
36111,Ulster,NY,7959618
36113,Warren,NY,5068240
36115,Washington,NY,1949798
36117,Wayne,NY,3806726
36119,Westchester,NY,90241804
36121,Wyoming,NY,1760078
36123,Yates,NY,1012691
37001,Alamance,NC,6882150
37003,Alexander,NC,864265
37005,Alleghany,NC,300617
37007,Anson,NC,815053
37009,Ashe,NC,788125
37011,Avery,NC,646791
37013,Beaufort,NC,1797424
37015,Bertie,NC,596539
37017,Bladen,NC,1416967
37019,Brunswick,NC,5973641
37021,Buncombe,NC,16035112
37023,Burke,NC,2742837
37025,Cabarrus,NC,9111043
37027,Caldwell,NC,2431360
37029,Camden,NC,182171
37031,Carteret,NC,2733205
37033,Caswell,NC,354490
37035,Catawba,NC,9276616
37037,Chatham,NC,2039527
37039,Cherokee,NC,843153
37041,Chowan,NC,565377
37043,Clay,NC,230914
37045,Cleveland,NC,4488187
37047,Columbus,NC,1473977
37049,Craven,NC,5189264
37051,Cumberland,NC,18471055
37053,Currituck,NC,876170
37055,Dare,NC,2454965
37057,Davidson,NC,5267327
37059,Davie,NC,1411959
37061,Duplin,NC,2114639
37063,Durham,NC,41632015
37065,Edgecombe,NC,1574366
37067,Forsyth,NC,27325022
37069,Franklin,NC,2067922
37071,Gaston,NC,8460497
37073,Gates,NC,182752
37075,Graham,NC,228900
37077,Granville,NC,3740739
37079,Greene,NC,433348
37081,Guilford,NC,35469980
37083,Halifax,NC,1409905
37085,Harnett,NC,2883434
37087,Haywood,NC,1951424
37089,Henderson,NC,4587431
37091,Hertford,NC,846174
37093,Hoke,NC,1233844
37095,Hyde,NC,168469
37097,Iredell,NC,10764429
37099,Jackson,NC,1629465
37101,Johnston,NC,8331629
37103,Jones,NC,209873
37105,Lee,NC,2866902
37107,Lenoir,NC,2785295
37109,Lincoln,NC,3316791
37111,Mcdowell,NC,2045572
37113,Macon,NC,1779085
37115,Madison,NC,442034
37117,Martin,NC,613839
37119,Mecklenburg,NC,139157051
37121,Mitchell,NC,598729
37123,Montgomery,NC,1135582
37125,Moore,NC,4384297
37127,Nash,NC,5333290
37129,New Hanover,NC,15850617
37131,Northampton,NC,495724
37133,Onslow,NC,9506281
37135,Orange,NC,10198377
37137,Pamlico,NC,300047
37139,Pasquotank,NC,1704637
37141,Pender,NC,1857888
37143,Perquimans,NC,300668
37145,Person,NC,1431325
37147,Pitt,NC,9691704
37149,Polk,NC,552188
37151,Randolph,NC,4168843
37153,Richmond,NC,1905624
37155,Robeson,NC,3869692
37157,Rockingham,NC,2826221
37159,Rowan,NC,5968525
37161,Rutherford,NC,1876555
37163,Sampson,NC,1758379
37165,Scotland,NC,1185054
37167,Stanly,NC,1959005
37169,Stokes,NC,1211370
37171,Surry,NC,2630298
37173,Swain,NC,675069
37175,Transylvania,NC,1787759
37177,Tyrrell,NC,107308
37179,Union,NC,9493721
37181,Vance,NC,1244886
37183,Wake,NC,100210397
37185,Warren,NC,296361
37187,Washington,NC,269247
37189,Watauga,NC,2391073
37191,Wayne,NC,4989254
37193,Wilkes,NC,2440518
37195,Wilson,NC,3924561
37197,Yadkin,NC,932072
37199,Yancey,NC,425920
38001,Adams,ND,91021
38003,Barnes,ND,695491
38005,Benson,ND,277630
38007,Billings,ND,134560
38009,Bottineau,ND,459902
38011,Bowman,ND,192039
38013,Burke,ND,227925
38015,Burleigh,ND,5858988
38017,Cass,ND,14144093
38019,Cavalier,ND,396021
38021,Dickey,ND,422126
38023,Divide,ND,191408
38025,Dunn,ND,1744629
38027,Eddy,ND,134260
38029,Emmons,ND,162322
38031,Foster,ND,269906
38033,Golden Valley,ND,65370
38035,Grand Forks,ND,4126070
38037,Grant,ND,70056
38039,Griggs,ND,165875
38041,Hettinger,ND,69139
38043,Kidder,ND,136115
38045,Lamoure,ND,305672
38047,Logan,ND,112823
38049,Mchenry,ND,269230
38051,Mcintosh,ND,121642
38053,Mckenzie,ND,3421868
38055,Mclean,ND,709054
38057,Mercer,ND,889289
38059,Morton,ND,1362876
38061,Mountrail,ND,1774863
38063,Nelson,ND,166976
38065,Oliver,ND,229522
38067,Pembina,ND,488956
38069,Pierce,ND,234834
38071,Ramsey,ND,666577
38073,Ransom,ND,325710
38075,Renville,ND,178870
38077,Richland,ND,1037860
38079,Rolette,ND,392317
38081,Sargent,ND,1086826
38083,Sheridan,ND,62984
38085,Sioux,ND,123479
38087,Slope,ND,17070
38089,Stark,ND,2835524
38091,Steele,ND,175438
38093,Stutsman,ND,1387801
38095,Towner,ND,212631
38097,Traill,ND,450051
38099,Walsh,ND,575843
38101,Ward,ND,3837862
38103,Wells,ND,298869
38105,Williams,ND,6440503
39001,Adams,OH,754484
39003,Allen,OH,9016944
39005,Ashland,OH,1846544
39007,Ashtabula,OH,3301448
39009,Athens,OH,2093540
39011,Auglaize,OH,2650393
39013,Belmont,OH,2801859
39015,Brown,OH,912270
39017,Butler,OH,22330118
39019,Carroll,OH,1567511
39021,Champaign,OH,1226813
39023,Clark,OH,4742358
39025,Clermont,OH,7790678
39027,Clinton,OH,2424464
39029,Columbiana,OH,3741820
39031,Coshocton,OH,1308033
39033,Crawford,OH,1339117
39035,Cuyahoga,OH,104356340
39037,Darke,OH,2262341
39039,Defiance,OH,1736852
39041,Delaware,OH,14702746
39043,Erie,OH,4255477
39045,Fairfield,OH,5029499
39047,Fayette,OH,1619957
39049,Franklin,OH,109281419
39051,Fulton,OH,2099643
39053,Gallia,OH,2142044
39055,Geauga,OH,4358286
39057,Greene,OH,11225906
39059,Guernsey,OH,2826208
39061,Hamilton,OH,84987740
39063,Hancock,OH,5418098
39065,Hardin,OH,1006758
39067,Harrison,OH,1098560
39069,Henry,OH,1243105
39071,Highland,OH,1349985
39073,Hocking,OH,634274
39075,Holmes,OH,2626738
39077,Huron,OH,2297653
39079,Jackson,OH,1016651
39081,Jefferson,OH,4181557
39083,Knox,OH,2262632
39085,Lake,OH,12198837
39087,Lawrence,OH,1935329
39089,Licking,OH,8043324
39091,Logan,OH,2102029
39093,Lorain,OH,11177496
39095,Lucas,OH,26121534
39097,Madison,OH,2168679
39099,Mahoning,OH,9377665
39101,Marion,OH,2663438
39103,Medina,OH,7850418
39105,Meigs,OH,393956
39107,Mercer,OH,2612684
39109,Miami,OH,4737261
39111,Monroe,OH,1003892
39113,Montgomery,OH,31077701
39115,Morgan,OH,375642
39117,Morrow,OH,679024
39119,Muskingum,OH,4092844
39121,Noble,OH,420509
39123,Ottawa,OH,2131971
39125,Paulding,OH,620908
39127,Perry,OH,728029
39129,Pickaway,OH,2076724
39131,Pike,OH,1117101
39133,Portage,OH,6795220
39135,Preble,OH,1205610
39137,Putnam,OH,1301052
39139,Richland,OH,4709913
39141,Ross,OH,3100494
39143,Sandusky,OH,2937073
39145,Scioto,OH,2772265
39147,Seneca,OH,2054137
39149,Shelby,OH,3256839
39151,Stark,OH,17585061
39153,Summit,OH,31278235
39155,Trumbull,OH,7187843
39157,Tuscarawas,OH,3855062
39159,Union,OH,4679856
39161,Van Wert,OH,1349499
39163,Vinton,OH,442589
39165,Warren,OH,14284439
39167,Washington,OH,3735892
39169,Wayne,OH,6804587
39171,Williams,OH,1716337
39173,Wood,OH,8162159
39175,Wyandot,OH,1099727
40001,Adair,OK,436259
40003,Alfalfa,OK,394683
40005,Atoka,OK,350190
40007,Beaver,OK,437773
40009,Beckham,OK,1065562
40011,Blaine,OK,1574103
40013,Bryan,OK,2057724
40015,Caddo,OK,1045101
40017,Canadian,OK,6930508
40019,Carter,OK,3029955
40021,Cherokee,OK,1429338
40023,Choctaw,OK,425826
40025,Cimarron,OK,259069
40027,Cleveland,OK,9696907
40029,Coal,OK,281850
40031,Comanche,OK,5258949
40033,Cotton,OK,169506
40035,Craig,OK,465278
40037,Creek,OK,2153096
40039,Custer,OK,1707889
40041,Delaware,OK,1028925
40043,Dewey,OK,742089
40045,Ellis,OK,863228
40047,Garfield,OK,3088603
40049,Garvin,OK,1836216
40051,Grady,OK,4009684
40053,Grant,OK,302953
40055,Greer,OK,105825
40057,Harmon,OK,107354
40059,Harper,OK,232575
40061,Haskell,OK,364524
40063,Hughes,OK,688541
40065,Jackson,OK,1183034
40067,Jefferson,OK,128845
40069,Johnston,OK,544868
40071,Kay,OK,1882932
40073,Kingfisher,OK,2945349
40075,Kiowa,OK,225878
40077,Latimer,OK,288018
40079,Le Flore,OK,1386875
40081,Lincoln,OK,785807
40083,Logan,OK,963342
40085,Love,OK,756985
40087,Mcclain,OK,2034730
40089,Mccurtain,OK,1309248
40091,Mcintosh,OK,381272
40093,Major,OK,568626
40095,Marshall,OK,592068
40097,Mayes,OK,2187525
40099,Murray,OK,583952
40101,Muskogee,OK,2854516
40103,Noble,OK,610129
40105,Nowata,OK,218535
40107,Okfuskee,OK,241215
40109,Oklahoma,OK,56681593
40111,Okmulgee,OK,897040
40113,Osage,OK,1109809
40115,Ottawa,OK,1122153
40117,Pawnee,OK,370013
40119,Payne,OK,3546777
40121,Pittsburg,OK,2097353
40123,Pontotoc,OK,2196596
40125,Pottawatomie,OK,2221211
40127,Pushmataha,OK,251178
40129,Roger Mills,OK,372242
40131,Rogers,OK,3485200
40133,Seminole,OK,843897
40135,Sequoyah,OK,757662
40137,Stephens,OK,2416745
40139,Texas,OK,2000116
40141,Tillman,OK,152106
40143,Tulsa,OK,44433905
40145,Wagoner,OK,1452948
40147,Washington,OK,3066801
40149,Washita,OK,354581
40151,Woods,OK,634651
40153,Woodward,OK,1214458
41001,Baker,OR,607108
41003,Benton,OR,5061341
41005,Clackamas,OR,23399634
41007,Clatsop,OR,2022457
41009,Columbia,OR,1558066
41011,Coos,OR,2535614
41013,Crook,OR,1293008
41015,Curry,OR,746455
41017,Deschutes,OR,12442840
41019,Douglas,OR,4052167
41021,Gilliam,OR,341056
41023,Grant,OR,290653
41025,Harney,OR,351439
41027,Hood River,OR,1428075
41029,Jackson,OR,10314605
41031,Jefferson,OR,850761
41033,Josephine,OR,3094718
41035,Klamath,OR,2609750
41037,Lake,OR,365647
41039,Lane,OR,18136369
41041,Lincoln,OR,2118359
41043,Linn,OR,5130128
41045,Malheur,OR,1155682
41047,Marion,OR,18291247
41049,Morrow,OR,1552151
41051,Multnomah,OR,73250246
41053,Polk,OR,2343741
41055,Sherman,OR,547454
41057,Tillamook,OR,1183745
41059,Umatilla,OR,3553307
41061,Union,OR,1046407
41063,Wallowa,OR,384205
41065,Wasco,OR,1835697
41067,Washington,OR,54083003
41069,Wheeler,OR,43506
41071,Yamhill,OR,3921543
42001,Adams,PA,3731401
42003,Allegheny,PA,105613456
42005,Armstrong,PA,1992028
42007,Beaver,PA,6434345
42009,Bedford,PA,1456546
42011,Berks,PA,20939523
42013,Blair,PA,6198024
42015,Bradford,PA,4691583
42017,Bucks,PA,37589469
42019,Butler,PA,11405006
42021,Cambria,PA,4905627
42023,Cameron,PA,222691
42025,Carbon,PA,2648835
42027,Centre,PA,9098449
42029,Chester,PA,48614126
42031,Clarion,PA,1124465
42033,Clearfield,PA,3122740
42035,Clinton,PA,1488687
42037,Columbia,PA,2504514
42039,Crawford,PA,2918572
42041,Cumberland,PA,17730509
42043,Dauphin,PA,22872011
42045,Delaware,PA,34713305
42047,Elk,PA,1309393
42049,Erie,PA,11425284
42051,Fayette,PA,4348292
42053,Forest,PA,221553
42055,Franklin,PA,6348981
42057,Fulton,PA,600788
42059,Greene,PA,3571751
42061,Huntingdon,PA,1226623
42063,Indiana,PA,3402292
42065,Jefferson,PA,1448238
42067,Juniata,PA,830307
42069,Lackawanna,PA,10398150
42071,Lancaster,PA,30698072
42073,Lawrence,PA,3301974
42075,Lebanon,PA,6209212
42077,Lehigh,PA,25110569
42079,Luzerne,PA,15543923
42081,Lycoming,PA,6008865
42083,Mckean,PA,1629854
42085,Mercer,PA,4314908
42087,Mifflin,PA,1776266
42089,Monroe,PA,7420773
42091,Montgomery,PA,89401864
42093,Montour,PA,2178383
42095,Northampton,PA,16625280
42097,Northumberland,PA,3401432
42099,Perry,PA,996501
42101,Philadelphia,PA,110703184
42103,Pike,PA,1546479
42105,Potter,PA,748091
42107,Schuylkill,PA,4976116
42109,Snyder,PA,1722717
42111,Somerset,PA,2325667
42113,Sullivan,PA,343278
42115,Susquehanna,PA,2706152
42117,Tioga,PA,1807899
42119,Union,PA,1915107
42121,Venango,PA,1751460
42123,Warren,PA,1309620
42125,Washington,PA,14420854
42127,Wayne,PA,2034681
42129,Westmoreland,PA,15395142
42131,Wyoming,PA,1425152
42133,York,PA,22246746
44001,Bristol,RI,1967028
44003,Kent,RI,10007195
44005,Newport,RI,6803707
44007,Providence,RI,36887913
44009,Washington,RI,7609612
45001,Abbeville,SC,572146
45003,Aiken,SC,7345821
45005,Allendale,SC,284568
45007,Anderson,SC,7846787
45009,Bamberg,SC,356168
45011,Barnwell,SC,481361
45013,Beaufort,SC,9791393
45015,Berkeley,SC,10329692
45017,Calhoun,SC,626831
45019,Charleston,SC,36832956
45021,Cherokee,SC,1808849
45023,Chester,SC,1204948
45025,Chesterfield,SC,1323355
45027,Clarendon,SC,689073
45029,Colleton,SC,1117962
45031,Darlington,SC,2634611
45033,Dillon,SC,740011
45035,Dorchester,SC,4991044
45037,Edgefield,SC,678491
45039,Fairfield,SC,1087273
45041,Florence,SC,7413412
45043,Georgetown,SC,2872657
45045,Greenville,SC,36190809
45047,Greenwood,SC,3449300
45049,Hampton,SC,501425
45051,Horry,SC,16167397
45053,Jasper,SC,1629861
45055,Kershaw,SC,2354372
45057,Lancaster,SC,3937432
45059,Laurens,SC,2264447
45061,Lee,SC,375774
45063,Lexington,SC,14243200
45065,Mccormick,SC,225469
45067,Marion,SC,626511
45069,Marlboro,SC,700936
45071,Newberry,SC,1370462
45073,Oconee,SC,4024526
45075,Orangeburg,SC,2793661
45077,Pickens,SC,4483099
45079,Richland,SC,28287154
45081,Saluda,SC,440581
45083,Spartanburg,SC,17043342
45085,Sumter,SC,4474617
45087,Union,SC,683562
45089,Williamsburg,SC,733565
45091,York,SC,14303098
46003,Aurora,SD,130895
46005,Beadle,SD,977507
46007,Bennett,SD,110108
46009,Bon Homme,SD,250724
46011,Brookings,SD,2327164
46013,Brown,SD,2430428
46015,Brule,SD,275363
46017,Buffalo,SD,83897
46019,Butte,SD,356038
46021,Campbell,SD,90529
46023,Charles Mix,SD,471756
46025,Clark,SD,265976
46027,Clay,SD,657925
46029,Codington,SD,1598686
46031,Corson,SD,87572
46033,Custer,SD,284816
46035,Davison,SD,1311195
46037,Day,SD,303801
46039,Deuel,SD,407190
46041,Dewey,SD,209408
46043,Douglas,SD,203930
46045,Edmunds,SD,236940
46047,Fall River,SD,252112
46049,Faulk,SD,140407
46051,Grant,SD,571921
46053,Gregory,SD,187122
46055,Haakon,SD,133431
46057,Hamlin,SD,298133
46059,Hand,SD,220780
46061,Hanson,SD,167282
46063,Harding,SD,47771
46065,Hughes,SD,1241140
46067,Hutchinson,SD,419324
46069,Hyde,SD,128025
46071,Jackson,SD,80596
46073,Jerauld,SD,182131
46075,Jones,SD,49429
46077,Kingsbury,SD,306528
46079,Lake,SD,688175
46081,Lawrence,SD,1398173
46083,Lincoln,SD,6433595
46085,Lyman,SD,171168
46087,Mccook,SD,293276
46089,Mcpherson,SD,109720
46091,Marshall,SD,299096
46093,Meade,SD,990261
46095,Mellette,SD,49568
46097,Miner,SD,143630
46099,Minnehaha,SD,16102745
46101,Moody,SD,349454
46102,Oglala Lakota,SD,330695
46103,Pennington,SD,6439764
46105,Perkins,SD,129277
46107,Potter,SD,124420
46109,Roberts,SD,405314
46111,Sanborn,SD,149987
46115,Spink,SD,467794
46117,Stanley,SD,132470
46119,Sully,SD,120642
46121,Todd,SD,241966
46123,Tripp,SD,266380
46125,Turner,SD,453668
46127,Union,SD,1807758
46129,Walworth,SD,249421
46135,Yankton,SD,1447160
46137,Ziebach,SD,57698
47001,Anderson,TN,5859999
47003,Bedford,TN,2038918
47005,Benton,TN,417183
47007,Bledsoe,TN,231803
47009,Blount,TN,7107696
47011,Bradley,TN,4940217
47013,Campbell,TN,1066445
47015,Cannon,TN,335016
47017,Carroll,TN,724378
47019,Carter,TN,1136349
47021,Cheatham,TN,1315792
47023,Chester,TN,400490
47025,Claiborne,TN,815844
47027,Clay,TN,171499
47029,Cocke,TN,834158
47031,Coffee,TN,3278510
47033,Crockett,TN,575253
47035,Cumberland,TN,1857446
47037,Davidson,TN,87529092
47039,Decatur,TN,329119
47041,Dekalb,TN,801376
47043,Dickson,TN,2191260
47045,Dyer,TN,1819040
47047,Fayette,TN,1520895
47049,Fentress,TN,515783
47051,Franklin,TN,1340328
47053,Gibson,TN,1541889
47055,Giles,TN,1262822
47057,Grainger,TN,515460
47059,Greene,TN,2507304
47061,Grundy,TN,241966
47063,Hamblen,TN,3623425
47065,Hamilton,TN,28980605
47067,Hancock,TN,109602
47069,Hardeman,TN,617377
47071,Hardin,TN,974495
47073,Hawkins,TN,1765249
47075,Haywood,TN,696049
47077,Henderson,TN,776437
47079,Henry,TN,1341486
47081,Hickman,TN,535683
47083,Houston,TN,156913
47085,Humphreys,TN,874018
47087,Jackson,TN,237289
47089,Jefferson,TN,1748540
47091,Johnson,TN,428972
47093,Knox,TN,32606852
47095,Lake,TN,130364
47097,Lauderdale,TN,679426
47099,Lawrence,TN,1148615
47101,Lewis,TN,341397
47103,Lincoln,TN,1180554
47105,Loudon,TN,2250466
47107,Mcminn,TN,2209004
47109,Mcnairy,TN,545111
47111,Macon,TN,577169
47113,Madison,TN,6482390
47115,Marion,TN,871426
47117,Marshall,TN,1341536
47119,Maury,TN,5380793
47121,Meigs,TN,270392
47123,Monroe,TN,1673666
47125,Montgomery,TN,7136059
47127,Moore,TN,539662
47129,Morgan,TN,363440
47131,Obion,TN,1325559
47133,Overton,TN,589862
47135,Perry,TN,177786
47137,Pickett,TN,127729
47139,Polk,TN,336680
47141,Putnam,TN,3953882
47143,Rhea,TN,1902669
47145,Roane,TN,2778540
47147,Robertson,TN,2717207
47149,Rutherford,TN,21075430
47151,Scott,TN,521423
47153,Sequatchie,TN,344804
47155,Sevier,TN,5409328
47157,Shelby,TN,67464637
47159,Smith,TN,732824
47161,Stewart,TN,678886
47163,Sullivan,TN,9106690
47165,Sumner,TN,8643412
47167,Tipton,TN,1322807
47169,Trousdale,TN,228068
47171,Unicoi,TN,620320
47173,Union,TN,354765
47175,Van Buren,TN,100836
47177,Warren,TN,1459788
47179,Washington,TN,6880895
47181,Wayne,TN,367892
47183,Weakley,TN,1110984
47185,White,TN,822183
47187,Williamson,TN,30283015
47189,Wilson,TN,7220226
48001,Anderson,TX,2164042
48003,Andrews,TX,4128580
48005,Angelina,TX,3512511
48007,Aransas,TX,786741
48009,Archer,TX,340087
48011,Armstrong,TX,64460
48013,Atascosa,TX,3586352
48015,Austin,TX,1701111
48017,Bailey,TX,442887
48019,Bandera,TX,402255
48021,Bastrop,TX,3126982
48023,Baylor,TX,173861
48025,Bee,TX,839512
48027,Bell,TX,19016076
48029,Bexar,TX,121391325
48031,Blanco,TX,543690
48033,Borden,TX,842749
48035,Bosque,TX,663413
48037,Bowie,TX,3865689
48039,Brazoria,TX,17329766
48041,Brazos,TX,12259102
48043,Brewster,TX,449881
48045,Briscoe,TX,110849
48047,Brooks,TX,285617
48049,Brown,TX,1488077
48051,Burleson,TX,1053186
48053,Burnet,TX,2111799
48055,Caldwell,TX,1091434
48057,Calhoun,TX,3556934
48059,Callahan,TX,409835
48061,Cameron,TX,12543033
48063,Camp,TX,409323
48065,Carson,TX,1001397
48067,Cass,TX,1115529
48069,Castro,TX,813526
48071,Chambers,TX,2999510
48073,Cherokee,TX,1527050
48075,Childress,TX,289231
48077,Clay,TX,261493
48079,Cochran,TX,233166
48081,Coke,TX,217130
48083,Coleman,TX,233132
48085,Collin,TX,87862787
48087,Collingsworth,TX,86573
48089,Colorado,TX,941964
48091,Comal,TX,8808711
48093,Comanche,TX,480878
48095,Concho,TX,237043
48097,Cooke,TX,2573852
48099,Coryell,TX,1790456
48101,Cottle,TX,109044
48103,Crane,TX,953582
48105,Crockett,TX,665993
48107,Crosby,TX,253146
48109,Culberson,TX,2996840
48111,Dallam,TX,809485
48113,Dallas,TX,304515038
48115,Dawson,TX,983397
48117,Deaf Smith,TX,1700261
48119,Delta,TX,112243
48121,Denton,TX,48275771
48123,Dewitt,TX,3451192
48125,Dickens,TX,104177
48127,Dimmit,TX,3291229
48129,Donley,TX,143417
48131,Duval,TX,326178
48133,Eastland,TX,766362
48135,Ector,TX,13041630
48137,Edwards,TX,81642
48139,Ellis,TX,7787990
48141,El Paso,TX,37936526
48143,Erath,TX,1807296
48145,Falls,TX,482157
48147,Fannin,TX,1058428
48149,Fayette,TX,1671127
48151,Fisher,TX,419352
48153,Floyd,TX,314213
48155,Foard,TX,108911
48157,Fort Bend,TX,36644969
48159,Franklin,TX,479858
48161,Freestone,TX,1012281
48163,Frio,TX,1263621
48165,Gaines,TX,1998582
48167,Galveston,TX,18778210
48169,Garza,TX,244219
48171,Gillespie,TX,1357895
48173,Glasscock,TX,3697934
48175,Goliad,TX,300533
48177,Gonzales,TX,2938995
48179,Gray,TX,1088436
48181,Grayson,TX,5883798
48183,Gregg,TX,8348898
48185,Grimes,TX,1158490
48187,Guadalupe,TX,10710792
48189,Hale,TX,1352516
48191,Hall,TX,95176
48193,Hamilton,TX,287600
48195,Hansford,TX,754715
48197,Hardeman,TX,221999
48199,Hardin,TX,1390239
48201,Harris,TX,429677330
48203,Harrison,TX,4379512
48205,Hartley,TX,875605
48207,Haskell,TX,383869
48209,Hays,TX,10939214
48211,Hemphill,TX,403534
48213,Henderson,TX,2004026
48215,Hidalgo,TX,23993556
48217,Hill,TX,1194810
48219,Hockley,TX,1698842
48221,Hood,TX,2788369
48223,Hopkins,TX,1889071
48225,Houston,TX,944423
48227,Howard,TX,9035206
48229,Hudspeth,TX,175870
48231,Hunt,TX,5173197
48233,Hutchinson,TX,5289528
48235,Irion,TX,916822
48237,Jack,TX,410804
48239,Jackson,TX,607084
48241,Jasper,TX,1047339
48243,Jeff Davis,TX,78615
48245,Jefferson,TX,18212967
48247,Jim Hogg,TX,174176
48249,Jim Wells,TX,1653705
48251,Johnson,TX,6669340
48253,Jones,TX,486136
48255,Karnes,TX,6153388
48257,Kaufman,TX,5029048
48259,Kendall,TX,2660925
48261,Kenedy,TX,242735
48263,Kent,TX,178909
48265,Kerr,TX,2474023
48267,Kimble,TX,158642
48269,King,TX,91216
48271,Kinney,TX,117967
48273,Kleberg,TX,1206495
48275,Knox,TX,262516
48277,Lamar,TX,2768182
48279,Lamb,TX,814152
48281,Lampasas,TX,555598
48283,La Salle,TX,3137796
48285,Lavaca,TX,1311739
48287,Lee,TX,891571
48289,Leon,TX,866668
48291,Liberty,TX,2512302
48293,Limestone,TX,1466241
48295,Lipscomb,TX,516972
48297,Live Oak,TX,1925832
48299,Llano,TX,896144
48301,Loving,TX,8297119
48303,Lubbock,TX,15144655
48305,Lynn,TX,346025
48307,Mcculloch,TX,366199
48309,Mclennan,TX,14070337
48311,Mcmullen,TX,1544293
48313,Madison,TX,563256
48315,Marion,TX,284063
48317,Martin,TX,11396694
48319,Mason,TX,133027
48321,Matagorda,TX,2418666
48323,Maverick,TX,2021842
48325,Medina,TX,1231255
48327,Menard,TX,52872
48329,Midland,TX,32680851
48331,Milam,TX,722426
48333,Mills,TX,305403
48335,Mitchell,TX,344793
48337,Montague,TX,646531
48339,Montgomery,TX,37046507
48341,Moore,TX,3294078
48343,Morris,TX,646714
48345,Motley,TX,44764
48347,Nacogdoches,TX,2812840
48349,Navarro,TX,1787748
48351,Newton,TX,485650
48353,Nolan,TX,1028173
48355,Nueces,TX,20228929
48357,Ochiltree,TX,926669
48359,Oldham,TX,345497
48361,Orange,TX,4084085
48363,Palo Pinto,TX,1044056
48365,Panola,TX,2167161
48367,Parker,TX,5661099
48369,Parmer,TX,1098454
48371,Pecos,TX,2337916
48373,Polk,TX,1418490
48375,Potter,TX,8972937
48377,Presidio,TX,259174
48379,Rains,TX,248778
48381,Randall,TX,4568173
48383,Reagan,TX,3318525
48385,Real,TX,80492
48387,Red River,TX,349007
48389,Reeves,TX,11630083
48391,Refugio,TX,408407
48393,Roberts,TX,181482
48395,Robertson,TX,2488311
48397,Rockwall,TX,5651827
48399,Runnels,TX,327446
48401,Rusk,TX,2415681
48403,Sabine,TX,290039
48405,San Augustine,TX,728045
48407,San Jacinto,TX,378294
48409,San Patricio,TX,3105839
48411,San Saba,TX,160287
48413,Schleicher,TX,133762
48415,Scurry,TX,1631028
48417,Shackelford,TX,315480
48419,Shelby,TX,1438094
48421,Sherman,TX,532950
48423,Smith,TX,12494743
48425,Somervell,TX,1417721
48427,Starr,TX,1295181
48429,Stephens,TX,380693
48431,Sterling,TX,240337
48433,Stonewall,TX,131368
48435,Sutton,TX,212690
48437,Swisher,TX,522307
48439,Tarrant,TX,133198886
48441,Taylor,TX,7371530
48443,Terrell,TX,56969
48445,Terry,TX,535517
48447,Throckmorton,TX,160434
48449,Titus,TX,2059600
48451,Tom Green,TX,6779617
48453,Travis,TX,159612559
48455,Trinity,TX,270492
48457,Tyler,TX,533217
48459,Upshur,TX,857281
48461,Upton,TX,5905832
48463,Uvalde,TX,963594
48465,Val Verde,TX,1902952
48467,Van Zandt,TX,1441503
48469,Victoria,TX,4842038
48471,Walker,TX,2418498
48473,Waller,TX,4098626
48475,Ward,TX,3823574
48477,Washington,TX,2548166
48479,Webb,TX,12970009
48481,Wharton,TX,2136467
48483,Wheeler,TX,373920
48485,Wichita,TX,6048425
48487,Wilbarger,TX,815120
48489,Willacy,TX,566964
48491,Williamson,TX,32638884
48493,Wilson,TX,1378529
48495,Winkler,TX,1655686
48497,Wise,TX,3521247
48499,Wood,TX,1582826
48501,Yoakum,TX,1983345
48503,Young,TX,1152963
48505,Zapata,TX,586267
48507,Zavala,TX,804738
49001,Beaver,UT,379405
49003,Box Elder,UT,2876086
49005,Cache,UT,6711750
49007,Carbon,UT,908617
49009,Daggett,UT,118162
49011,Davis,UT,17748951
49013,Duchesne,UT,1470702
49015,Emery,UT,1132946
49017,Garfield,UT,343301
49019,Grand,UT,701658
49021,Iron,UT,2363564
49023,Juab,UT,739859
49025,Kane,UT,437169
49027,Millard,UT,1018500
49029,Morgan,UT,398655
49031,Piute,UT,86501
49033,Rich,UT,175483
49035,Salt Lake,UT,115710942
49037,San Juan,UT,554674
49039,Sanpete,UT,1098174
49041,Sevier,UT,1256748
49043,Summit,UT,4604128
49045,Tooele,UT,2262344
49047,Uintah,UT,2139540
49049,Utah,UT,36622568
49051,Wasatch,UT,1411532
49053,Washington,UT,8419791
49055,Wayne,UT,121441
49057,Weber,UT,13684763
50001,Addison,VT,1738560
50003,Bennington,VT,1774058
50005,Caledonia,VT,1187883
50007,Chittenden,VT,13103601
50009,Essex,VT,135891
50011,Franklin,VT,2066969
50013,Grand Isle,VT,184552
50015,Lamoille,VT,1252525
50017,Orange,VT,844815
50019,Orleans,VT,1110896
50021,Rutland,VT,2765476
50023,Washington,VT,3942358
50025,Windham,VT,2315994
50027,Windsor,VT,2832949
51001,Accomack,VA,1527485
51007,Amelia,VA,293573
51009,Amherst,VA,803284
51011,Appomattox,VA,343895
51013,Arlington,VA,41158444
51017,Bath,VA,239209
51021,Bland,VA,201803
51023,Botetourt,VA,1444344
51025,Brunswick,VA,723317
51027,Buchanan,VA,1078802
51029,Buckingham,VA,505722
51033,Caroline,VA,867160
51036,Charles,VA,225215
51037,Charlotte,VA,291665
51041,Chesterfield,VA,17808290
51043,Clarke,VA,471665
51045,Craig,VA,111009
51047,Culpeper,VA,2035967
51049,Cumberland,VA,164787
51051,Dickenson,VA,592237
51057,Essex,VA,406029
51061,Fauquier,VA,3022166
51063,Floyd,VA,415737
51065,Fluvanna,VA,889257
51071,Giles,VA,709814
51073,Gloucester,VA,972811
51075,Goochland,VA,3108922
51077,Grayson,VA,297135
51079,Greene,VA,501088
51083,Halifax,VA,1177655
51085,Hanover,VA,6762622
51087,Henrico,VA,29493660
51091,Highland,VA,72506
51093,Isle Of Wight,VA,1615648
51097,King And Queen,VA,140381
51099,King George,VA,2230476
51101,King William,VA,529550
51103,Lancaster,VA,504259
51105,Lee,VA,418676
51107,Loudoun,VA,35130231
51109,Louisa,VA,2247984
51111,Lunenburg,VA,255341
51113,Madison,VA,378854
51115,Mathews,VA,188556
51117,Mecklenburg,VA,1209591
51119,Middlesex,VA,370495
51125,Nelson,VA,548723
51127,New Kent,VA,659466
51131,Northampton,VA,487659
51133,Northumberland,VA,354820
51135,Nottoway,VA,544586
51137,Orange,VA,1136757
51139,Page,VA,648049
51141,Patrick,VA,404359
51145,Powhatan,VA,908893
51147,Prince Edward,VA,760438
51155,Pulaski,VA,1572576
51157,Rappahannock,VA,306185
51159,Richmond,VA,284016
51167,Russell,VA,693633
51169,Scott,VA,446558
51171,Shenandoah,VA,1682095
51173,Smyth,VA,1091218
51179,Stafford,VA,6550434
51181,Surry,VA,1144567
51183,Sussex,VA,327521
51185,Tazewell,VA,1288724
51187,Warren,VA,1831575
51193,Westmoreland,VA,484994
51197,Wythe,VA,1549669
51510,Alexandria City,VA,14395458
51550,Chesapeake City,VA,11626372
51650,Hampton City,VA,6964845
51700,Newport News City,VA,15777786
51710,Norfolk City,VA,21207484
51740,Portsmouth City,VA,6137732
51760,Richmond City,VA,27367900
51770,Roanoke City,VA,7806615
51800,Suffolk City,VA,4390327
51810,Virginia Beach City,VA,24018999
51003,Albemarle,VA,6784575
51540,Charlottesville,VA,6784575
51005,Alleghany,VA,423632.5
51580,Covington,VA,423632.5
51015,Augusta,VA,1779023.6666666667
51790,Staunton,VA,1779023.6666666667
51820,Waynesboro,VA,1779023.6666666667
51031,Campbell,VA,3741160
51680,Lynchburg,VA,3741160
51035,Carroll,VA,471195.5
51640,Galax,VA,471195.5
51053,Dinwiddie,VA,1044293.3333333334
51570,Colonial Heights,VA,1044293.3333333334
51730,Petersburg,VA,1044293.3333333334
NA,Fairfax City,VA,48911257
51610,Falls Church,VA,48911257
51069,Frederick,VA,3726606.5
51840,Winchester,VA,3726606.5
51081,Greensville,VA,729182.5
51595,Emporia,VA,729182.5
51089,Henry,VA,1150463.5
51690,Martinsville,VA,1150463.5
NA,James City,VA,3042049
51830,Williamsburg,VA,3042049
51121,Montgomery,VA,3025488
51750,Radford,VA,3025488
51143,Pittsylvania,VA,1847539.5
51590,Danville,VA,1847539.5
51149,Prince George,VA,2033285
51670,Hopewell,VA,2033285
51153,Prince William,VA,7911594.333333333
51683,Manassas,VA,7911594.333333333
51685,Manassas Park,VA,7911594.333333333
51161,Roanoke,VA,3207770
51775,Salem,VA,3207770
51163,Rockbridge,VA,445728.6666666667
51530,Buena Vista,VA,445728.6666666667
51678,Lexington,VA,445728.6666666667
51165,Rockingham,VA,4143613.5
51660,Harrisonburg,VA,4143613.5
51175,Southampton,VA,410157
51177,Spotsylvania,VA,3664002
51630,Fredericksburg,VA,3664002
51191,Washington,VA,1724144.5
51520,Bristol,VA,1724144.5
51195,Wise,VA,819931.5
51720,Norton,VA,819931.5
51199,York,VA,1517946.5
51735,Poquoson,VA,1517946.5
53001,Adams,WA,725966
53003,Asotin,WA,726576
53005,Benton,WA,12676667
53007,Chelan,WA,5470834
53009,Clallam,WA,2936919
53011,Clark,WA,25470739
53013,Columbia,WA,348996
53015,Cowlitz,WA,5566844
53017,Douglas,WA,1920541
53019,Ferry,WA,205051
53021,Franklin,WA,4012944
53023,Garfield,WA,146995
53025,Grant,WA,6802642
53027,Grays Harbor,WA,2845591
53029,Island,WA,3602961
53031,Jefferson,WA,1377253
53033,King,WA,389400518
53035,Kitsap,WA,14063625
53037,Kittitas,WA,2057127
53039,Klickitat,WA,2031896
53041,Lewis,WA,3939309
53043,Lincoln,WA,357614
53045,Mason,WA,1834408
53047,Okanogan,WA,1747565
53049,Pacific,WA,794816
53051,Pend Oreille,WA,556041
53053,Pierce,WA,48890368
53055,San Juan,WA,958138
53057,Skagit,WA,6670384
53059,Skamania,WA,337980
53061,Snohomish,WA,49976303
53063,Spokane,WA,30682043
53065,Stevens,WA,1276084
53067,Thurston,WA,16194463
53069,Wahkiakum,WA,111468
53071,Walla Walla,WA,3452245
53073,Whatcom,WA,15332005
53075,Whitman,WA,2493089
53077,Yakima,WA,10394964
54001,Barbour,WV,481017
54003,Berkeley,WV,4487549
54005,Boone,WV,611686
54007,Braxton,WV,303588
54009,Brooke,WV,932789
54011,Cabell,WV,5162654
54013,Calhoun,WV,121609
54015,Clay,WV,157456
54017,Doddridge,WV,670493
54019,Fayette,WV,1102880
54021,Gilmer,WV,184225
54023,Grant,WV,422251
54025,Greenbrier,WV,1135407
54027,Hampshire,WV,392653
54029,Hancock,WV,942454
54031,Hardy,WV,766892
54033,Harrison,WV,4748951
54035,Jackson,WV,936891
54037,Jefferson,WV,2019688
54039,Kanawha,WV,11325618
54041,Lewis,WV,569276
54043,Lincoln,WV,232576
54045,Logan,WV,1386959
54047,Mcdowell,WV,532973
54049,Marion,WV,2300888
54051,Marshall,WV,2821698
54053,Mason,WV,738188
54055,Mercer,WV,1760807
54057,Mineral,WV,835034
54059,Mingo,WV,546111
54061,Monongalia,WV,7392502
54063,Monroe,WV,240714
54065,Morgan,WV,296122
54067,Nicholas,WV,672911
54069,Ohio,WV,3851528
54071,Pendleton,WV,154947
54073,Pleasants,WV,523106
54075,Pocahontas,WV,264796
54077,Preston,WV,752139
54079,Putnam,WV,2923115
54081,Raleigh,WV,3217131
54083,Randolph,WV,887940
54085,Ritchie,WV,680384
54087,Roane,WV,299079
54089,Summers,WV,219338
54091,Taylor,WV,588348
54093,Tucker,WV,319694
54095,Tyler,WV,1413220
54097,Upshur,WV,781373
54099,Wayne,WV,972113
54101,Webster,WV,133462
54103,Wetzel,WV,1069209
54105,Wirt,WV,79511
54107,Wood,WV,3717276
54109,Wyoming,WV,700206
55001,Adams,WI,607796
55003,Ashland,WI,685745
55005,Barron,WI,2193015
55007,Bayfield,WI,437261
55009,Brown,WI,19426074
55011,Buffalo,WI,562340
55013,Burnett,WI,549363
55015,Calumet,WI,1677614
55017,Chippewa,WI,2842870
55019,Clark,WI,1277227
55021,Columbia,WI,2920752
55023,Crawford,WI,711117
55025,Dane,WI,48999812
55027,Dodge,WI,3759273
55029,Door,WI,1459999
55031,Douglas,WI,1791319
55033,Dunn,WI,1803412
55035,Eau Claire,WI,6591965
55037,Florence,WI,122254
55039,Fond Du Lac,WI,5021945
55041,Forest,WI,319997
55043,Grant,WI,2298089
55045,Green,WI,1977741
55047,Green Lake,WI,640394
55049,Iowa,WI,1239608
55051,Iron,WI,167183
55053,Jackson,WI,820271
55055,Jefferson,WI,3672417
55057,Juneau,WI,940443
55059,Kenosha,WI,7833266
55061,Kewaunee,WI,689681
55063,La Crosse,WI,7470222
55065,Lafayette,WI,668059
55067,Langlade,WI,690976
55069,Lincoln,WI,1311189
55071,Manitowoc,WI,4060330
55073,Marathon,WI,8736047
55075,Marinette,WI,1918543
55077,Marquette,WI,403152
55078,Menominee,WI,172461
55079,Milwaukee,WI,61455546
55081,Monroe,WI,2317098
55083,Oconto,WI,984634
55085,Oneida,WI,1802995
55087,Outagamie,WI,12909272
55089,Ozaukee,WI,5573300
55091,Pepin,WI,287208
55093,Pierce,WI,1208143
55095,Polk,WI,1600424
55097,Portage,WI,4274207
55099,Price,WI,566799
55101,Racine,WI,8691488
55103,Richland,WI,756368
55105,Rock,WI,8380111
55107,Rusk,WI,514171
55109,St. Croix,WI,4188829
55111,Sauk,WI,4132687
55113,Sawyer,WI,713617
55115,Shawano,WI,1269075
55117,Sheboygan,WI,6875216
55119,Taylor,WI,782461
55121,Trempealeau,WI,1337861
55123,Vernon,WI,1181113
55125,Vilas,WI,936756
55127,Walworth,WI,4659143
55129,Washburn,WI,599328
55131,Washington,WI,6766231
55133,Waukesha,WI,32821351
55135,Waupaca,WI,1915129
55137,Waushara,WI,629616
55139,Winnebago,WI,11004211
55141,Wood,WI,4116121
56001,Albany,WY,1654243
56003,Big Horn,WY,527504
56005,Campbell,WY,5668981
56007,Carbon,WY,1372720
56009,Converse,WY,1600158
56011,Crook,WY,345074
56013,Fremont,WY,1633106
56015,Goshen,WY,493298
56017,Hot Springs,WY,223532
56019,Johnson,WY,434873
56021,Laramie,WY,6478574
56023,Lincoln,WY,985598
56025,Natrona,WY,5447366
56027,Niobrara,WY,118556
56029,Park,WY,1619217
56031,Platte,WY,557581
56033,Sheridan,WY,1591258
56035,Sublette,WY,819068
56037,Sweetwater,WY,3414965
56039,Teton,WY,3695069
56041,Uinta,WY,870000
56043,Washakie,WY,347700
56045,Weston,WY,317107
