"","FIPS","GEOID"
"1","06073","0650"
"2","36061","3612"
"3","13121","1307"
"4","48201","4807"
"5","24027","2403"
"6","24031","2408"
"7","53033","5308"
"8","06001","0612"
"9","36029","3623"
"10","39035","3911"
"11","25017","2505"
"12","11001","1198"
"13","37135","3704"
"14","25017","2507"
"15","29510","2901"
"16","45079","4502"
"17","51770","5106"
"18","17019","1713"
"19","55079","5504"
"20","06037","0632"
"21","31055","3102"
"22","25021","2504"
"23","06085","0616"
"24","25025","2507"
"25","25017","2504"
"26","35001","3501"
"27","48041","4810"
"28","55025","5502"
"29","06001","0614"
"30","09190","0904"
"31","02020","0200"
"32","06075",NA
"33","36001","3620"
"34","36005","3614"
"35","12001","1203"
"36","06075","0611"
"37","53033","5307"
"38","17031","1707"
"39","42045","4205"
"40","06081","0615"
"41","39095","3909"
"42","24043","2406"
"43","42101","4202"
"44","51059","5111"
"45","51510","5108"
"46","51059","5108"
"47","18097","1807"
"48","51153","5110"
"49","18157","1804"
"50","48039","4822"
"51","25025","2508"
"52","48201","4838"
"53","06059",NA
"54","13015","1311"
"55","06073","0651"
"56","04013","0404"
"57","05119","0502"
"58","37063","3704"
"59","06059","0647"
"60","25017","2503"
"61","27053","2703"
"62","13219","1310"
"63","34027","3411"
"64","09170","0903"
"65","37183","3704"
"66","34023","3412"
"67","01081","0103"
"68","13245","1312"
"69","42101","4203"
"70","08001","0806"
"71","48167","4814"
"72","36061","3610"
"73","12086","1226"
"74","24510","2402"
"75","24041","2401"
"76","40143","4001"
"77","18035","1805"
"78","47167","4709"
"79","42017","4201"
"80","39049","3903"
"81","53005","5304"
"82","48201","4809"
"83","48113","4830"
"84","48309","4817"
"85","19103","1901"
"86","06037","0631"
"87","34003","3409"
"88","09170","0902"
"89","13089","1305"
"90","24033","2404"
"91","26161","2606"
"92","08005","0806"
"93","21067","2106"
"94","51121","5109"
"95","46103","4600"
"96","36103","3601"
"97","16001","1602"
"98","51003","5105"
"99","06085","0617"
"100","49049","4903"
"101","06067","0603"
"102","36047","3609"
"103","44007","4401"
"104","06041","0602"
"105","33009","3302"
"106","08013","0802"
"107","06067","0607"
"108","06037",NA
"109","06067",NA
"110","06019","0620"
"111","06059","0645"
"112","13121","1305"
"113","53033",NA
"114","53061","5301"
"115","36029","3626"
"116","06073","0649"
"117","24005","2407"
"118","42027","4215"
"119","12086","1224"
"120","42003","4212"
"121","37119","3712"
"122","06037","0630"
"123","06037","0636"
"124","13121","1306"
"125","01073","0107"
"126","06059","0640"
"127","06037","0643"
"128","25017","2506"
"129","13073","1312"
"130","40021","4002"
"131","08069","0802"
"132","27053","2705"
"133","29095",NA
"134","49035","4904"
"135","10003","1000"
"136","29095","2905"
"137","39061","3901"
"138","36061","3613"
"139","37147","3703"
"140","36089","3621"
"141","48085","4803"
"142","45077","4503"
"143","40109","4005"
"144","35006","3502"
"145","36059","3603"
"146","17031","1709"
"147","36085","3611"
"148","41039","4104"
"149","08059","0807"
"150","08005","0801"
"151","39049","3915"
"152","72127","7298"
"153","36047","3610"
"154","09110","0901"
"155","41051","4103"
"156","17031","1703"
"157","34007","3401"
"158","36109","3619"
"159","53073","5302"
"160","10001","1000"
"161","17097","1710"
"162","21111","2103"
"163","29019","2903"
"164","34003","3405"
"165","34021","3412"
"166","25027","2502"
"167","09110","0905"
"168","27019","2706"
"169","39113","3910"
"170","17115","1713"
"171","12117","1207"
"172","37197","3710"
"173","22071","2201"
"174","48491","4817"
"175","19153","1903"
"176","37067","3710"
"177","06037","0629"
"178","06071","0628"
"179","47179","4701"
"180","51710","5103"
"181","06057","0603"
"182","48339","4802"
"183","36087","3617"
"184","26091","2605"
"185","37037","3704"
"186","06081","0616"
"187","36103","3603"
"188","25015","2502"
"189","27137","2708"
"190","48113","4824"
"191","48113",NA
"192","39035","3907"
"193","48029","4823"
"194","45019","4506"
"195","04013",NA
"196","26107","2602"
"197","26065","2607"
"198","13117","1307"
"199","12073","1202"
"200","12057","1215"
"201","12099","1223"
"202","12086","1228"
"203","06037","0628"
"204","37183","3702"
"205","47149","4704"
"206","45045","4504"
"207","42029","4206"
"208","42093","4209"
"209","36093","3620"
"210","13031","1312"
"211","53063","5305"
"212","45019","4501"
"213","44009","4402"
"214","51760","5104"
"215","18141","1802"
"216","09120","0904"
"217","51650","5103"
"218","26163","2613"
"219","06113","0604"
"220","36069","3624"
"221","01089","0105"
"222","24510","2407"
"223","17043","1711"
"224","24005","2401"
"225","49035","4901"
"226","17031","1701"
"227","17167","1713"
"228","29510",NA
"229","25009","2506"
"230","06073","0648"
"231","12086","1227"
"232","41051","4101"
"233","13067","1311"
"234","04005","0402"
"235","12057","1214"
"236","19169","1904"
"237","23009","2302"
"238","20161","2001"
"239","26125","2611"
"240","39133","3914"
"241","21111","2102"
"242","25021","2505"
"243","08049","0802"
"244","20045","2002"
"245","36091","3620"
"246","21185","2104"
"247","40083","4005"
"248","42091","4205"
"249","42095","4207"
"250","24021","2406"
"251","51680","5105"
"252","04019","0406"
"253","36119","3616"
"254","06071","0623"
"255","36047","3607"
"256","22033","2205"
"257","22017","2206"
"258","45063","4502"
"259","17031","1705"
"260","22071","2202"
"261","22033",NA
"262","06037","0644"
"263","26163","2606"
"264","33015","3302"
"265","06001","0617"
"266","23005","2301"
"267","54011","5401"
"268","55141","5507"
"269","12031","1205"
"270","04013","0401"
"271","27109","2701"
"272","47037","4707"
"273","48039","4809"
"274","13021","1302"
"275","13089","1304"
"276","17043","1706"
"277","39017","3908"
"278","26061","2601"
"279","49049","4904"
"280","04019","0407"
"281","04013","0408"
"282","27123","2704"
"283","28105","2803"
"284","29161","2908"
"285","18057","1805"
"286","30111",NA
"287","30031","3001"
"288","36005","3615"
"289","01073","0106"
"290","12099","1221"
"291","09110","0902"
"292","08031",NA
"293","17197","1714"
"294","37183","3713"
"295","20173","2004"
"296","35013","3502"
"297","36119","3617"
"298","38017","3800"
"299","12011","1225"
"300","05143","0503"
"301","06081",NA
"302","26125","2610"
"303","40119","4003"
"304","48439","4812"
"305","47157","4709"
"306","34035","3407"
"307","41003","4104"
"308","53033","5309"
"309","06073",NA
"310","29077","2907"
"311","41005","4105"
"312","42043","4210"
"313","53033","5301"
"314","06083","0624"
"315","48113","4806"
"316","72113","7298"
"317","37129","3707"
"318","17089","1711"
"319","17197","1702"
"320","15003","1501"
"321","48201","4818"
"322","29189","2902"
"323","34023","3406"
"324","34013","3410"
"325","05105","0502"
"326","36083","3620"
"327","51107","5110"
"328","44007","4402"
"329","51540","5105"
"330","39165","3901"
"331","24005","2402"
"332","36055","3625"
"333","08031","0801"
"334","55093","5503"
"335","46099","4600"
"336","12115","1217"
"337","29189",NA
"338","24031","2406"
"339","02220","0200"
"340","08014","0807"
"341","06013","0610"
"342","42055","4213"
"343","17031","1708"
"344","48201","4836"
"345","45075","4506"
"346","06037","0642"
"347","17077","1712"
"348","32003","3204"
"349","45083","4504"
"350","53035","5306"
"351","26081","2603"
"352","36081","3605"
"353","55009","5508"
"354","42091","4204"
"355","36007","3619"
"356","08005",NA
"357","34039","3407"
"358","08059",NA
"359","48453","4837"
"360","48209","4835"
"361","48303","4819"
"362","48141","4816"
"363","48303",NA
"364","34017","3408"
"365","32003","3201"
"366","41051",NA
"367","04013","0403"
"368","27037","2702"
"369","06065","0648"
"370","25021","2508"
"371","18105","1809"
"372","01087","0102"
"373","29189","2901"
"374","39153","3913"
"375","01125","0107"
"376","06065","0639"
"377","06087",NA
"378","06047","0613"
"379","12095","1210"
"380","13059","1310"
"381","66010","6698"
"382","15001","1502"
"383","20045","2001"
"384","20091","2003"
"385","22073","2205"
"386","23019","2302"
"387","28049","2803"
"388","30063","3001"
"389","31109","3101"
"390","32031","3202"
"391","23031","2301"
"392","33017","3301"
"393","37081","3705"
"394","38035","3800"
"395","48121","4813"
"396","40027","4004"
"397","01097","0102"
"398","45079","4506"
"399","46027","4600"
"400","06037","0637"
"401","47093","4702"
"402","48439","4825"
"403","48085","4832"
"404","48029","4820"
"405","48215","4815"
"406","50007","5000"
"407","56001","5600"
"408","36067","3622"
"409","33013","3302"
"410","41067",NA
"411","50027","5000"
"412","48491","4837"
"413","51053","5104"
"414","08001","0808"
"415","53075","5305"
"416","22051","2201"
"417","54061","5402"
"418","25013","2501"
"419","06037","0635"
"420","04017","0402"
"421","21113","2106"
"422","34031","3411"
"423","25025","2505"
"424","39057","3910"
"425","29001","2906"
"426","06037","0634"
"427","42003","4217"
"428","36059","3604"
"429","06111","0626"
"430","06097","0602"
"431","01101","0102"
"432","34035","3412"
"433","09130","0903"
"434","60010","6098"
"435","44005","4401"
"436","12081","1216"
"437","06041",NA
"438","39173","3905"
"439","48453",NA
"440","36005","3613"
"441","53061","5302"
"442","06071","0633"
"443","27131","2702"
"444","48453","4821"
"445","27003","2706"
"446","36075","3624"
"447","08035","0804"
"448","44003","4402"
"449","26021","2604"
"450","37001","3709"
"451","18005","1806"
"452","35043","3501"
"453","12033","1201"
"454","51013","5108"
"455","48029","4835"
"456","26139","2603"
"457","17031","1706"
"458","27049","2701"
"459","50021","5000"
"460","06013","0608"
"461","06017","0605"
"462","17113","1717"
"463","15009","1502"
"464","39159","3904"
"465","06071",NA
"466","25001","2509"
"467","30013","3002"
"468","34013","3411"
"469","44001","4401"
"470","18089","1801"
"471","35049","3503"
"472","47157","4708"
"473","39009","3912"
"474","53077","5304"
"475","27053",NA
"476","42133","4210"
"477","04019",NA
"478","36081","3606"
"479","09140","0905"
"480","48167",NA
"481","06001",NA
"482","06065",NA
"483","41067","4101"
"484","17031","1702"
"485","17119","1713"
"486","06059","0649"
"487","17031","1710"
"488","24003","2403"
"489","48029",NA
"490","48121",NA
"491","08015","0807"
"492","48029","4821"
"493","02090","0200"
"494","08041","0805"
"495","21195","2105"
"496","49005","4901"
"497","34029","3402"
"498","36027","3618"
"499","26077","2604"
"500","06065","0641"
"501","26055","2601"
"502","06087","0619"
"503","06083",NA
"504","55133","5505"
"505","20209",NA
"506","13135","1313"
"507","45013","4501"
"508","06037","0645"
"509","34005","3403"
"510","06079","0624"
"511","34021","3403"
"512","48113","4832"
"513","53061",NA
"514","23001","2302"
"515","54055","5401"
"516","42119","4215"
"517","26073","2602"
"518","06029","0620"
"519","29183","2902"
"520","12071","1219"
"521","51071","5109"
"522","53053","5306"
"523","48491","4831"
"524","13067","1306"
"525","06023","0602"
"526","39103","3907"
"527","16005","1602"
"528","36103","3602"
"529","47037","4705"
"530","28049","2802"
"531","10005","1000"
"532","34039","3410"
"533","18059","1806"
"534","48201",NA
"535","41039",NA
"536","27163","2704"
"537","06061","0603"
"538","13097","1306"
"539","50001","5000"
"540","18097","1806"
"541","20209","2003"
"542","24013","2403"
"543","50015","5000"
"544","06111",NA
"545","06095","0604"
"546","49035","4902"
"547","34027","3407"
"548","49011","4902"
"549","06085","0618"
"550","08123","0804"
"551","08069",NA
"552","46011","4600"
"553","37119","3714"
"554","12099","1222"
"555","19167","1904"
"556","06013",NA
"557","48273","4834"
"558","06095","0608"
"559","36033","3621"
"560","16057","1601"
"561","22055","2203"
"562","25005","2509"
"563","28071","2801"
"564","37021","3711"
"565","28035","2804"
"566","48423","4801"
"567","48423",NA
"568","55139","5506"
"569","05143",NA
"570","41067","4106"
"571","21227","2102"
"572","25003","2501"
"573","25027","2503"
"574","49035","4903"
"575","26121","2603"
"576","25017","2502"
"577","41017","4105"
"578","45007","4503"
"579","01125","0104"
"580","13095","1302"
"581","24031","2404"
"582","12095","1211"
"583","06055","0604"
"584","04013","0405"
"585","37189","3705"
"586","51087","5101"
"587","17197","1711"
"588","05131","0503"
"589","05031","0501"
"590","48027","4831"
"591","39005","3904"
"592","54109","5401"
"593","28123","2803"
"594","48209",NA
"595","17161","1717"
"596","49035",NA
"597","51590","5105"
"598","48113","4833"
"599","21093","2102"
"600","35001",NA
"601","06059","0646"
"602","17043","1704"
"603","25023","2509"
"604","30035","3001"
"605","55059","5501"
"606","42071","4211"
"607","24033","2405"
"608","06053","0619"
"609","06099","0605"
"610","37085","3713"
"611","04027","0407"
"612","01117","0106"
"613","26125","2607"
"614","36107","3623"
"615","55079","5505"
"616","48157","4807"
"617","45047","4503"
"618","06071","0635"
"619","01097","0101"
"620","32510","3202"
"621","06111","0624"
"622","23011","2301"
"623","36053","3622"
"624","16027","1601"
"625","51830","5101"
"626","06085",NA
"627","51600","5111"
"628","48157","4822"
"629","23015","2301"
"630","50025","5000"
"631","36063","3623"
"632","47001","4703"
"633","28151","2802"
"634","42041","4210"
"635","04001","0402"
"636","24045","2401"
"637","55079","5501"
"638","17029","1715"
"639","21151","2106"
"640","18085","1802"
"641","27171",NA
"642","06097","0604"
"643","37139","3701"
"644","42049","4216"
"645","12127","1206"
"646","25005","2504"
"647","22061","2204"
"648","21037","2104"
"649","26099","2610"
"650","37051","3707"
"651","18011","1804"
"652","36081","3607"
"653","27163","2708"
"654","06037","0626"
"655","12009","1208"
"656","27017","2708"
"657","30005","3002"
"658","08067","0803"
"659","48157","4809"
"660","13009","1308"
"661","42001","4213"
"662","49043","4903"
"663","33001","3301"
"664","55125","5507"
"665","53045","5306"
"666","36079","3617"
"667","51103","5101"
"668","19123","1901"
"669","48439","4833"
"670","37081","3706"
"671","53067","5310"
"672","34037","3405"
"673","34019","3407"
"674","18167","1808"
"675","51041","5101"
"676","26125","2609"
"677","33015","3301"
"678","12085","1221"
"679","25021","2507"
"680","51700","5103"
"681","51660","5106"
"682","06037","0627"
"683","33005","3302"
"684","39083","3912"
"685","55127","5501"
"686","42075","4209"
"687","48245","4814"
"688","22033","2206"
"689","40143",NA
"690","40027",NA
"691","41051","4105"
"692","16069","1601"
"693","12011","1223"
"694","09150","0902"
"695","30029","3001"
"696","53055","5302"
"697","42069","4208"
"698","26149","2605"
"699","25023","2508"
"700","36077","3619"
"701","36065","3622"
"702","48085","4804"
"703","48453","4810"
"704","26125","2606"
"705","51051","5109"
"706","06067","0606"
"707","48485","4813"
"708","28049",NA
"709","46041","4600"
"710","29051","2903"
"711","30111","3002"
"712","30093","3001"
"713","21205","2105"
"714","09130","0901"
"715","54091","5402"
"716","25015","2501"
"717","21035","2101"
"718","28089","2803"
"719","36097","3623"
"720","37025","3706"
"721","48453","4835"
"722","26163","2612"
"723","36047","3611"
"724","51800","5102"
"725","06037","0638"
"726","31109",NA
"727","35047","3503"
"728","35053","3502"
"729","36081","3614"
"730","17037","1714"
"731","50023","5000"
"732","18085","1803"
"733","05119",NA
"734","53011","5303"
"735","39093","3905"
"736","39129","3902"
"737","17097","1709"
"738","48439","4824"
"739","05019","0504"
"740","19163","1901"
"741","18003","1803"
"742","09190","0905"
"743","20045",NA
"744","20037",NA
"745","36019","3621"
"746","48473","4810"
"747","39169","3907"
"748","33011","3301"
"749","39061","3908"
"750","12103","1213"
"751","48209","4821"
"752","39023","3910"
"753","17167","1715"
"754","34025","3406"
"755","34001","3402"
"756","06085","0619"
"757","34015","3401"
"758","30047","3001"
"759","48471","4817"
"760","50013","5000"
"761","13051","1301"
"762","72117","7298"
"763","31055",NA
"764","04023","0407"
"765","08037","0802"
"766","36083","3619"
"767","19049","1903"
"768","12105","1218"
"769","36021","3619"
"770","47141","4706"
"771","48479","4828"
"772","48355",NA
"773","28089","2802"
"774","37003","3705"
"775","40109",NA
"776","01001","0106"
"777","17137",NA
"778","28059","2804"
"779","72041","7298"
"780","72063","7298"
"781","02110","0200"
"782","24039","2401"
"783","26049","2608"
"784","31019","3103"
"785","37155","3708"
"786","08123","0808"
"787","72035","7298"
"788","72005","7298"
"789","72069","7298"
"790","72097","7298"
"791","47065","4703"
"792","47051","4704"
"793","48135","4811"
"794","06077","0609"
"795","78030","7898"
"796","55035","5503"
"797","55063","5503"
"798","18127","1801"
"799","22017","2204"
"800","15003","1502"
"801","08013",NA
"802","54069","5402"
"803","37099","3711"
"804","17043","1703"
"805","53071","5305"
"806","09130","0902"
"807","41047",NA
"808","29047","2906"
"809","49053","4902"
"810","02050","0200"
"811","45015","4501"
"812","42101","4205"
