org_name,fix_name
HARVARD UNIVERSITY D/B/A HARVARD SCHOOL OF PUBLIC HEALTH,
YALE UNIVERSITY,
CORNELL UNIVERSITY,
UT SOUTHWESTERN MEDICAL CENTER,
UNIVERSITY OF UTAH,
NEW YORK UNIVERSITY SCHOOL OF MEDICINE,
UNIVERSITY OF CENTRAL FLORIDA,
UNIVERSITY OF LOUISVILLE,
VIRGINIA COMMONWEALTH UNIVERSITY,
EMORY UNIVERSITY,
UNIVERSITY OF TEXAS MED BR GALVESTON,
UNIVERSITY OF ALABAMA AT BIRMINGHAM,
UNIVERSITY OF SOUTHERN CALIFORNIA,
STANFORD UNIVERSITY,
UNIVERSITY OF VIRGINIA,
PURDUE UNIVERSITY,
VIRGINIA POLYTECHNIC INST AND ST UNIV,
WASHINGTON UNIVERSITY,
PRINCETON UNIVERSITY,
ALBERT EINSTEIN COLLEGE OF MEDICINE,
PENNSYLVANIA STATE UNIV HERSHEY MED CTR,
DARTMOUTH COLLEGE,
TRUSTEES OF INDIANA UNIVERSITY,
MEDICAL UNIVERSITY OF SOUTH CAROLINA,
UNIVERSITY OF SOUTH CAROLINA AT COLUMBIA,
INDIANA UNIVERSITY INDIANAPOLIS,
AUGUSTA UNIVERSITY,
UNIVERSITY OF NORTH DAKOTA,
UNIVERSITY OF FLORIDA,
UNIVERSITY OF CONNECTICUT STORRS,
TULANE UNIVERSITY OF LOUISIANA,
UNIVERSITY OF WISCONSIN-MADISON,
LOUISIANA STATE UNIV A&M COL BATON ROUGE,
UNIVERSITY OF MISSISSIPPI MED CTR,
UNIVERSITY OF HOUSTON,
FLORIDA INTERNATIONAL UNIVERSITY,
FLORIDA STATE UNIVERSITY,
UNIVERSITY OF IOWA,
NEW YORK MEDICAL COLLEGE,
LSU PENNINGTON BIOMEDICAL RESEARCH CTR,
UNIVERSITY OF CALIFORNIA-IRVINE,
"DELTA HEALTH ALLIANCE, INC.",
CAMPESINOS SIN FRONTERAS,
NC STATE DEPT/HLTH & HUMAN SERVICES,
FACE ADDICTION NOW,
ACCESS HEALTH INC,
"HEALTH CHOICE NETWORK, INC.",
ROSWELL PARK CANCER INSTITUTE CORP,
RHODE ISLAND HOSPITAL,
UNIVERSITY OF MISSISSIPPI,
UNIVERSITY OF TEXAS AT AUSTIN,
PEKING UNIVERSITY,
CASE WESTERN RESERVE UNIVERSITY,
UNIVERSITY OF NOTRE DAME,
RENSSELAER POLYTECHNIC INSTITUTE,
MAYO CLINIC ARIZONA,
WAKE FOREST UNIVERSITY HEALTH SCIENCES,
CHINA MEDICAL UNIVERSITY,
UNIVERSITY OF MONTANA,
"PENNSYLVANIA STATE UNIVERSITY, THE",
VAN ANDEL RESEARCH INSTITUTE,
EAST TENNESSEE STATE UNIVERSITY,
UNIVERSITY OF NORTH CAROLINA CHARLOTTE,
HENNEPIN HEALTHCARE RESEARCH INSTITUTE,
KENT STATE UNIVERSITY,
BECKMAN RESEARCH INSTITUTE/CITY OF HOPE,
UNIVERSITY OF MISSOURI-COLUMBIA,
BAYLOR UNIVERSITY,
UNIVERSITY OF COLORADO,
UNIVERSITY OF KENTUCKY,
UNIVERSITY OF TEXAS ARLINGTON,
UNIVERSITY OF NORTH TEXAS HLTH SCI CTR,
UNIVERSITY OF GEORGIA,
NEW YORK UNIVERSITY D/B/A NYU LONG ISLAND SCHOOL OF MEDICINE,
NORTH CAROLINA STATE UNIVERSITY RALEIGH,
CHILDREN'S HOSPITAL OF LOS ANGELES,
BOSTON COLLEGE,
KAISER FOUNDATION RESEARCH INSTITUTE,
"OCHIN, INC.",
UNIVERSITY OF ARIZONA,
MAHIDOL UNIVERSITY,
UNIVERSITY OF KANSAS MEDICAL CENTER,
CENTRE FOR ADDICTION AND MENTAL HEALTH,
INFECTIOUS DISEASES INSTITUTE,
UNIVERSITY OF OKLAHOMA,
MONTANA STATE UNIVERSITY - BOZEMAN,
MAYO CLINIC ROCHESTER,
UNIVERSITY OF CONNECTICUT SCH OF MED/DNT,
CLEMSON UNIVERSITY,
SOCIETY OF TOXICOLOGY,
WESTERN KENTUCKY UNIVERSITY,
TEXAS TECH UNIVERSITY,
UNIVERSITY OF MASSACHUSETTS AMHERST,
UNIVERSITY OF ILLINOIS AT URBANA-CHAMPAIGN,
CENTRAL MICHIGAN UNIVERSITY,
ST. CATHERINE UNIVERSITY,
ALABAMA STATE UNIVERSITY,
CHARLES R. DREW UNIVERSITY OF MED & SCI,
COLD SPRING HARBOR LABORATORY,
SYRACUSE UNIVERSITY,
CLARKSON UNIVERSITY,
UNIVERSITY OF ALABAMA IN TUSCALOOSA,
NEW YORK HALL OF SCIENCE,
UNIVERSITY OF ARKANSAS AT FAYETTEVILLE,
UNIVERSITY OF IDAHO,
WETA TV 26,
TECH MUSEUM OF INNOVATION,
SOUTHERN ILLINOIS UNIV AT EDWARDSVILLE,
UNIVERSITY OF VERMONT & ST AGRIC COLLEGE,
KENNESAW STATE UNIVERSITY,
JACKSON LABORATORY,
HAMPTON UNIVERSITY,
LURIE CHILDREN'S HOSPITAL OF CHICAGO,
UNIVERSITY OF TENNESSEE KNOXVILLE,
PRIOGEN CORP,
OLIPHA INC,
"BELLAGE, INC.",
"IRIS MEDIA, INC.",
"ISA ASSOCIATES, INC.",
CHEROKEE NATION,
UNIVERSITY OF THE PACIFIC-STOCKTON,
UNIVERSITY OF NORTH TEXAS,
UNIVERSITY OF SOUTH DAKOTA,
OLD DOMINION UNIVERSITY,
OKLAHOMA STATE UNIVERSITY STILLWATER,
AUBURN UNIVERSITY AT AUBURN,
UNIVERSITY OF TOLEDO HEALTH SCI CAMPUS,
TEXAS STATE UNIVERSITY,
LOMA LINDA UNIVERSITY,
UNIVERSITY OF KANSAS LAWRENCE,
FAYETTEVILLE STATE UNIVERSITY,
CLAFLIN UNIVERSITY,
UNIVERSITY OF ALASKA FAIRBANKS,
UNIVERSITY OF PR CAYEY UNIVERSITY COLL,
UNIVERSITY OF TEXAS DALLAS,
PRAIRIE VIEW AGRI & MECH UNIVERSITY,
NOVA SOUTHEASTERN UNIVERSITY,
EAST CAROLINA UNIVERSITY,
UNIVERSITY OF PUERTO RICO AT HUMACAO,
UNIVERSITY OF THE VIRGIN ISLANDS,
UNIVERSITY OF NORTH CAROLINA AT PEMBROKE,
UNIVERSITY OF ALASKA ANCHORAGE,
UNIVERSITY OF WEST FLORIDA,
UNIVERSITY OF HARTFORD,
SAM HOUSTON STATE UNIVERSITY,
INSTITUT PASTEUR,
HEALTHPARTNERS INSTITUTE,
"WITS HEALTH CONSORTIUM (PTY), LTD",
MEHARRY MEDICAL COLLEGE,
NORTHWESTERN UNIVERSITY AT CHICAGO,NORTHWESTERN UNIVERSITY
BROWN UNIVERSITY,
UNIVERSITY OF CALIFORNIA LOS ANGELES,
COLUMBIA UNIVERSITY HEALTH SCIENCES,COLUMBIA UNIVERSITY
HARVARD UNIVERSITY,
OHIO STATE UNIVERSITY,
UNIVERSITY OF MIAMI SCHOOL OF MEDICINE,UNIVERSITY OF MIAMI
BETH ISRAEL DEACONESS MEDICAL CENTER,
NORTHWESTERN UNIVERSITY,
HARVARD MEDICAL SCHOOL,
DUKE UNIVERSITY,
UNIVERSITY OF CHICAGO,
COLUMBIA UNIV NEW YORK MORNINGSIDE,COLUMBIA UNIVERSITY
UNIVERSITY OF MEMPHIS,
UNIVERSITY OF NEBRASKA LINCOLN,
VANDERBILT UNIVERSITY,
BAYLOR COLLEGE OF MEDICINE,
UNIVERSITY OF TEXAS SAN ANTONIO,
UNIVERSITY OF MICHIGAN AT ANN ARBOR,
UNIVERSITY OF PITTSBURGH AT PITTSBURGH,
JOHNS HOPKINS UNIVERSITY,
UNIVERSITY OF PENNSYLVANIA,
TEXAS A&M UNIVERSITY HEALTH SCIENCE CTR,TEXAS A&M UNIVERSITY
BOSTON UNIVERSITY MEDICAL CAMPUS,BOSTON UNIVERSITY
HENRY FORD HEALTH + MICHIGAN STATE UNIVERSITY HEALTH SCIENCES,
UNIVERSITY OF TEXAS HLTH SCIENCE CENTER,UNIVERSITY OF TEXAS SAN ANTONIO
GEORGE WASHINGTON UNIVERSITY,
NEW YORK UNIVERSITY,
PONCE SCHOOL OF MEDICINE,
UNIV OF NORTH CAROLINA CHAPEL HILL,
NORTHEASTERN UNIVERSITY,
DREXEL UNIVERSITY,
UNIVERSITY OF ROCHESTER,
GEORGIA INSTITUTE OF TECHNOLOGY,
UNIVERSITY OF ILLINOIS AT CHICAGO,
MICHIGAN STATE UNIVERSITY,
MEDICAL COLLEGE OF WISCONSIN,
TEMPLE UNIV OF THE COMMONWEALTH,
WEILL MEDICAL COLL OF CORNELL UNIV,
ICAHN SCHOOL OF MEDICINE AT MOUNT SINAI,
"ST. JUDE CHILDREN'S RESEARCH HOSPITAL GRADUATE SCHOOL OF BIOMEDICAL SCIENCES, LLC", ST. JUDE CHILDREN'S RESEARCH HOSPITAL
UNIVERSITY OF MIAMI CORAL GABLES,UNIVERSITY OF MIAMI
CINCINNATI CHILDRENS HOSP MED CTR,
J. DAVID GLADSTONE INSTITUTES,
BOSTON CHILDREN'S HOSPITAL,
DANA-FARBER CANCER INST,
BRIGHAM AND WOMEN'S HOSPITAL,MASS GENERAL BRIGHAM
SPAULDING REHABILITATION HOSPITAL,MASS GENERAL BRIGHAM
UNIVERSITY OF PUERTO RICO MED SCIENCES,
TUFTS UNIVERSITY MEDFORD,TUFTS UNIVERSITY
BOSTON MEDICAL CENTER,
MASSACHUSETTS GENERAL HOSPITAL,
WAYNE STATE UNIVERSITY,
ROCKEFELLER UNIVERSITY,
RESEARCH INST NATIONWIDE CHILDREN'S HOSP,
EMMA PENDLETON BRADLEY HOSPITAL,
"WHITMAN-WALKER INSTITUTE, INC.",
TUFTS UNIVERSITY BOSTON,TUFTS UNIVERSITY
DENVER HEALTH AND HOSPITAL AUTHORITY,
SEATTLE CHILDREN'S HOSPITAL,
SAN FRANCISCO DEPARTMENT OF PUBLIC HEALTH,
"SCRIPPS RESEARCH INSTITUTE, THE",
UNIVERSITY OF OKLAHOMA HLTH SCIENCES CTR,
FRED HUTCHINSON CANCER CENTER,
GEORGIA STATE UNIVERSITY,
H. LEE MOFFITT CANCER CTR & RES INST,
"BRONXWORKS, INC.",
GRUPO NEXOS INC.,
ARKANSAS CANCER COALITION,
ASIAN AMERICAN HEALTH COALITION/HOUSTON,
FEONIX - MOBILITY RISING,
VANDERBILT UNIVERSITY MEDICAL CENTER,
COMPREHENSIVE CANCER CENTER/ UNIV/PR,
RESEARCH TRIANGLE INSTITUTE,
UNIVERSITY OF WASHINGTON,
INSTITUTE FOR SYSTEMS BIOLOGY,
RICE UNIVERSITY,
WORCESTER POLYTECHNIC INSTITUTE,
COLUMBIA UNIVERSITY TEACHERS COLLEGE,COLUMBIA UNIVERSITY
NATIONAL OPINION RESEARCH CENTER,
THOMAS JEFFERSON UNIVERSITY,
HUNTER COLLEGE,
HOSPITAL FOR SPECIAL SURGERY,
"ECOHEALTH ALLIANCE, INC.",
UNIVERSITY OF NEBRASKA MEDICAL CENTER,
TEXAS A&M UNIVERSITY,
UNIVERSITY OF TEXAS HLTH SCI CTR HOUSTON,
OKLAHOMA MEDICAL RESEARCH FOUNDATION,
TEXAS ENGINEERING EXPERIMENT STATION,TEXAS A&M UNIVERSITY 
UNIV OF ARKANSAS FOR MED SCIS,
UNIVERSITY OF TX MD ANDERSON CAN CTR,
SANFORD BURNHAM PREBYS MEDICAL DISCOVERY INSTITUTE,
TUFTS MEDICAL CENTER,TUFTS UNIVERSITY
WISTAR INSTITUTE,
"NDRI-USA, INC.",
UNIVERSITY OF TEXAS EL PASO,
CAMBRIDGE HEALTH ALLIANCE,
BRANDEIS UNIVERSITY,
CARNEGIE-MELLON UNIVERSITY,
MONELL CHEMICAL SENSES CENTER,
FATHER FLANAGAN'S BOYS' HOME,
BOSTON UNIVERSITY (CHARLES RIVER CAMPUS),BOSTON UNIVERSITY
CREIGHTON UNIVERSITY,
TEXAS TECH UNIVERSITY HEALTH SCIENCES CENTER AT EL PASO,
SCRIPPS HEALTH,
CHILDREN'S HOSP OF PHILADELPHIA,
UNIVERSITY OF CINCINNATI,
MAYO CLINIC  JACKSONVILLE,
SMITH-KETTLEWELL EYE RESEARCH INSTITUTE,
UNIVERSITY OF SOUTH FLORIDA,
CLAREMONT GRADUATE UNIVERSITY,
ENDEAVOR HEALTH CLINICAL OPERATIONS,
MGH INSTITUTE OF HEALTH PROFESSIONS,MASS GENERAL BRIGHAM
LOYOLA UNIVERSITY CHICAGO,
RUSH UNIVERSITY MEDICAL CENTER,
RAND CORPORATION,
FORDHAM UNIVERSITY,
MOREHOUSE SCHOOL OF MEDICINE,
UNIVERSITY OF DENVER (COLORADO SEMINARY),
UNIV OF MASSACHUSETTS MED SCH WORCESTER,
LSU HEALTH SCIENCES CENTER,
MCLEAN HOSPITAL,MASS GENERAL BRIGHAM
CALIFORNIA INSTITUTE OF TECHNOLOGY,
"US HELPING US, PEOPLE INTO LIVING, INC.",
AMERICAN UNIVERSITY,
WINIFRED MASTERSON BURKE MED RES INST,
GERONTOLOGICAL SOCIETY OF AMERICA,
GORDON RESEARCH CONFERENCES,
NATIONAL MEDICAL ASSOCIATION,
SOCIETY OF BEHAVIORAL MEDICINE,
BENTLEY UNIVERSITY,
HEBREW HOME FOR THE AGED AT RIVERDALE,
NEW YORK BLOOD CENTER,
HUGO W. MOSER RES INST KENNEDY KRIEGER,
"BUTLER HOSPITAL (PROVIDENCE, RI)",
HOWARD UNIVERSITY,
UNIVERSITY OF THE DISTRICT OF COLUMBIA,
GEORGETOWN UNIVERSITY,
NORTH CAROLINA CENTRAL UNIVERSITY,
ENDOCRINE SOCIETY,
AMERICAN GASTROENTEROLOGICAL ASSN/INST,
AMERICAN PSYCHOLOGICAL ASSOCIATION,
AMERICAN SOCIETY FOR BONE & MINERAL RES,
"AMERICAN SOCIETY OF NEPHROLOGY, INC.",
NORTH CAROLINA AGRI & TECH ST UNIV,
SPELMAN COLLEGE,
DUQUESNE UNIVERSITY,
THE ACADEMY OF NATURAL SCIENCES OF PHILADELPHIA,
"BROAD INSTITUTE, INC.",
NEW SCHOOL UNIVERSITY,
SLOAN-KETTERING INST CAN RESEARCH,
ST. JUDE CHILDREN'S RESEARCH HOSPITAL,
"EQUITI FOODS, LLC",
"PRO-CHANGE BEHAVIOR SYSTEMS, INC.",
SILVERBILLS INC.,
"RESILIENT GAMES STUDIO, LLC",
COLLIGA APPS CORP.,
HEBREW REHABILITATION CENTER FOR AGED,
CLARK ATLANTA UNIVERSITY,
UNIVERSITY OF PUERTO RICO RIO PIEDRAS,
CHILDREN'S RESEARCH INSTITUTE,
DILLARD UNIVERSITY,
TENNESSEE STATE UNIVERSITY,
UNIVERSITY OF NORTH FLORIDA,
UNIVERSITY OF PUERTO RICO PONCE,
MARQUETTE UNIVERSITY,
ROCHESTER INSTITUTE OF TECHNOLOGY,
ST. MARY'S UNIVERSITY,
UNIVERSITY OF DETROIT MERCY,
UNIVERSITY OF NORTH CAROLINA GREENSBORO,
EASTERN MICHIGAN UNIVERSITY,
ALLEN INSTITUTE,
