"","GEOID","h_county","commuters"
"1",6037207711,1007,1
"2",6037267901,1015,2
"3",6083003001,1021,1
"4",6037703003,1037,1
"5",6037267901,1043,2
"6",6037703003,1043,1
"7",6111001510,1049,1
"8",6037267901,1055,1
"9",6037703003,1069,1
"10",6037267901,1079,1
"11",6037703003,1083,2
"12",6037264305,1089,1
"13",6037267901,1089,3
"14",6037703003,1089,1
"15",6037267901,1097,3
"16",6037703003,1101,2
"17",6037703003,1103,2
"18",6037267901,1111,1
"19",6083000400,1117,1
"20",6037267901,1121,2
"21",6037703003,1123,1
"22",6083003001,1123,1
"23",6037267901,1133,1
"24",6037703003,1133,1
"25",6111006600,2020,1
"26",6111008502,2063,1
"27",6037980013,2090,2
"28",6111006600,2090,1
"29",6037980013,2110,1
"30",6037980013,2122,4
"31",6037980013,2130,1
"32",6037650606,4001,1
"33",6037703003,4001,1
"34",6037800324,4001,1
"35",6037800337,4001,1
"36",6079011505,4001,1
"37",6037267901,4003,1
"38",6037620400,4003,1
"39",6037701601,4003,1
"40",6037800504,4003,1
"41",6037207305,4005,1
"42",6037207711,4005,3
"43",6037267700,4005,2
"44",6037311601,4005,2
"45",6037700801,4005,2
"46",6037703003,4005,5
"47",6037800337,4005,1
"48",6037980013,4005,3
"49",6059052513,4005,1
"50",6083003001,4005,2
"51",6037141400,4007,1
"52",6037267901,4009,2
"53",6037224010,4012,1
"54",6037700801,4012,2
"55",6037980013,4012,1
"56",6037108204,4013,1
"57",6037120300,4013,4
"58",6037134422,4013,1
"59",6037141400,4013,11
"60",6037143200,4013,2
"61",6037191810,4013,1
"62",6037207305,4013,13
"63",6037207711,4013,19
"64",6037214000,4013,15
"65",6037216302,4013,6
"66",6037224010,4013,3
"67",6037224020,4013,2
"68",6037264305,4013,1
"69",6037265204,4013,13
"70",6037265301,4013,5
"71",6037267300,4013,1
"72",6037267700,4013,3
"73",6037267901,4013,81
"74",6037269000,4013,2
"75",6037275313,4013,2
"76",6037311601,4013,35
"77",6037311602,4013,8
"78",6037481606,4013,3
"79",6037620400,4013,11
"80",6037620802,4013,4
"81",6037650606,4013,9
"82",6037651101,4013,18
"83",6037700801,4013,29
"84",6037700802,4013,2
"85",6037701000,4013,4
"86",6037701501,4013,1
"87",6037701502,4013,5
"88",6037701701,4013,4
"89",6037701802,4013,1
"90",6037702300,4013,8
"91",6037702900,4013,9
"92",6037703003,4013,115
"93",6037800324,4013,1
"94",6037800337,4013,12
"95",6037920328,4013,3
"96",6037920330,4013,1
"97",6037980013,4013,23
"98",6059062647,4013,4
"99",6083000302,4013,1
"100",6083000400,4013,3
"101",6083002211,4013,2
"102",6083003001,4013,9
"103",6111005907,4013,3
"104",6111007000,4013,3
"105",6111008502,4013,6
"106",6037207711,4015,5
"107",6037267700,4015,1
"108",6037311601,4015,4
"109",6037311602,4015,2
"110",6037620400,4015,1
"111",6037700801,4015,2
"112",6037702300,4015,2
"113",6037703003,4015,9
"114",6037800324,4015,3
"115",6037800337,4015,1
"116",6037980013,4015,3
"117",6083003001,4015,1
"118",6037207711,4017,2
"119",6037224010,4017,1
"120",6037311601,4017,2
"121",6037650606,4017,2
"122",6037700801,4017,2
"123",6037701802,4017,1
"124",6037703003,4017,1
"125",6037800324,4017,1
"126",6037980013,4017,1
"127",6083000302,4017,1
"128",6083003001,4017,2
"129",6037120300,4019,3
"130",6037141400,4019,1
"131",6037207305,4019,2
"132",6037207711,4019,5
"133",6037214000,4019,2
"134",6037216302,4019,1
"135",6037265204,4019,7
"136",6037265301,4019,3
"137",6037267700,4019,3
"138",6037267901,4019,22
"139",6037311601,4019,8
"140",6037463900,4019,1
"141",6037464000,4019,2
"142",6037651101,4019,6
"143",6037700801,4019,5
"144",6037700802,4019,3
"145",6037701501,4019,1
"146",6037701602,4019,3
"147",6037702900,4019,3
"148",6037703003,4019,45
"149",6037800337,4019,6
"150",6037800504,4019,2
"151",6037980013,4019,24
"152",6083003001,4019,4
"153",6037141400,4021,1
"154",6037267901,4021,6
"155",6037464000,4021,1
"156",6037651101,4021,5
"157",6037700801,4021,4
"158",6037800337,4021,1
"159",6037267901,4023,2
"160",6037800337,4023,1
"161",6037207711,4025,3
"162",6037224010,4025,1
"163",6037267700,4025,1
"164",6037311601,4025,7
"165",6037311602,4025,2
"166",6037620400,4025,1
"167",6037650606,4025,2
"168",6037700801,4025,1
"169",6037702900,4025,2
"170",6037703003,4025,6
"171",6037800324,4025,2
"172",6037800337,4025,2
"173",6037980013,4025,7
"174",6083003001,4025,2
"175",6037207711,4027,2
"176",6037267700,4027,1
"177",6037311601,4027,2
"178",6037311602,4027,1
"179",6037650606,4027,1
"180",6037700801,4027,1
"181",6037702300,4027,1
"182",6037702900,4027,1
"183",6037703003,4027,6
"184",6037980013,4027,7
"185",6083003001,4027,2
"186",6037620303,5001,1
"187",6037267901,5007,2
"188",6083001404,5007,2
"189",6111005907,5007,2
"190",6037267901,5009,1
"191",6111005907,5009,1
"192",6037267901,5015,1
"193",6037431701,5045,1
"194",6037703003,5045,4
"195",6083003001,5045,2
"196",6037703003,5085,4
"197",6037431701,5119,1
"198",6037703003,5119,4
"199",6083003001,5119,2
"200",6083000400,5123,1
"201",6037703003,5125,3
"202",6083003001,5125,1
"203",6037267901,5129,1
"204",6037703003,5137,1
"205",6037141400,5143,1
"206",6037267901,5143,1
"207",6037701501,5143,1
"208",6111008502,5145,1
"209",6037120300,6001,10
"210",6037135116,6001,60
"211",6037141400,6001,22
"212",6037207305,6001,51
"213",6037207711,6001,396
"214",6037214000,6001,5
"215",6037216302,6001,61
"216",6037224010,6001,11
"217",6037224020,6001,36
"218",6037264305,6001,4
"219",6037265204,6001,19
"220",6037265301,6001,42
"221",6037267300,6001,3
"222",6037267700,6001,27
"223",6037267901,6001,366
"224",6037269000,6001,5
"225",6037275313,6001,25
"226",6037311601,6001,90
"227",6037311602,6001,13
"228",6037463900,6001,143
"229",6037464000,6001,6
"230",6037481606,6001,11
"231",6037620303,6001,2
"232",6037620400,6001,58
"233",6037650606,6001,14
"234",6037651101,6001,70
"235",6037670417,6001,13
"236",6037700802,6001,6
"237",6037701000,6001,46
"238",6037701501,6001,12
"239",6037701601,6001,1
"240",6037701602,6001,18
"241",6037701701,6001,22
"242",6037701802,6001,13
"243",6037702300,6001,54
"244",6037702900,6001,28
"245",6037703003,6001,517
"246",6037800324,6001,51
"247",6037800337,6001,88
"248",6037800504,6001,6
"249",6037920328,6001,25
"250",6037980013,6001,601
"251",6059052513,6001,1
"252",6059062647,6001,1
"253",6079011505,6001,69
"254",6079012505,6001,11
"255",6083000302,6001,5
"256",6083000400,6001,11
"257",6083001404,6001,6
"258",6083002211,6001,8
"259",6083003001,6001,49
"260",6111005906,6001,18
"261",6111005907,6001,9
"262",6111006600,6001,1
"263",6111007000,6001,11
"264",6111008502,6001,5
"265",6037216302,6003,1
"266",6037120300,6005,1
"267",6037207711,6005,3
"268",6037224020,6005,1
"269",6037267700,6005,2
"270",6037311601,6005,4
"271",6037620303,6005,1
"272",6037700801,6005,1
"273",6037800324,6005,1
"274",6037800337,6005,2
"275",6079011505,6005,3
"276",6079012505,6005,3
"277",6083003001,6005,3
"278",6111001510,6005,1
"279",6111007000,6005,1
"280",6037207711,6007,16
"281",6037214000,6007,1
"282",6037216302,6007,1
"283",6037224020,6007,1
"284",6037267700,6007,1
"285",6037267901,6007,4
"286",6037311601,6007,4
"287",6037650606,6007,1
"288",6037701602,6007,1
"289",6037703003,6007,65
"290",6037800337,6007,2
"291",6037800504,6007,2
"292",6037980013,6007,3
"293",6059099232,6007,1
"294",6079011505,6007,8
"295",6083000400,6007,2
"296",6083002211,6007,3
"297",6083003001,6007,8
"298",6111001510,6007,5
"299",6111005906,6007,3
"300",6037135116,6009,1
"301",6037191810,6009,1
"302",6037207711,6009,4
"303",6037216302,6009,1
"304",6037224010,6009,2
"305",6037224020,6009,1
"306",6037267700,6009,1
"307",6037311601,6009,1
"308",6037311602,6009,1
"309",6037463900,6009,2
"310",6037700801,6009,2
"311",6037800324,6009,1
"312",6037980013,6009,6
"313",6079011505,6009,2
"314",6083000302,6009,1
"315",6083003001,6009,3
"316",6111001510,6009,2
"317",6111007000,6009,2
"318",6111008502,6009,1
"319",6037207711,6011,1
"320",6037224020,6011,1
"321",6037703003,6011,5
"322",6037108204,6013,1
"323",6037120300,6013,5
"324",6037135116,6013,14
"325",6037141400,6013,13
"326",6037143200,6013,1
"327",6037191810,6013,3
"328",6037207305,6013,3
"329",6037207711,6013,347
"330",6037216302,6013,38
"331",6037224010,6013,3
"332",6037224020,6013,20
"333",6037265204,6013,25
"334",6037265301,6013,19
"335",6037265307,6013,2
"336",6037267300,6013,3
"337",6037267700,6013,39
"338",6037267901,6013,342
"339",6037311601,6013,76
"340",6037311602,6013,5
"341",6037463900,6013,17
"342",6037464000,6013,2
"343",6037481606,6013,4
"344",6037620400,6013,34
"345",6037620802,6013,3
"346",6037650606,6013,8
"347",6037651101,6013,89
"348",6037670417,6013,11
"349",6037700801,6013,101
"350",6037700802,6013,41
"351",6037701000,6013,25
"352",6037701501,6013,1
"353",6037701502,6013,1
"354",6037701601,6013,5
"355",6037701602,6013,18
"356",6037701802,6013,6
"357",6037702300,6013,86
"358",6037702802,6013,3
"359",6037702900,6013,6
"360",6037800324,6013,17
"361",6037800325,6013,2
"362",6037800337,6013,19
"363",6037800504,6013,3
"364",6037920328,6013,7
"365",6037920330,6013,1
"366",6037980013,6013,266
"367",6059062647,6013,19
"368",6059099232,6013,1
"369",6079011505,6013,49
"370",6079012505,6013,10
"371",6083000400,6013,3
"372",6083001404,6013,6
"373",6083002211,6013,7
"374",6083003001,6013,32
"375",6111001510,6013,1
"376",6111005906,6013,17
"377",6111005907,6013,8
"378",6111006600,6013,1
"379",6111007000,6013,16
"380",6111008501,6013,1
"381",6111008502,6013,6
"382",6037267901,6015,4
"383",6037670417,6015,1
"384",6037703003,6015,6
"385",6079011505,6015,1
"386",6037141400,6017,3
"387",6037191810,6017,2
"388",6037207305,6017,5
"389",6037207711,6017,29
"390",6037264305,6017,1
"391",6037265204,6017,2
"392",6037265301,6017,3
"393",6037267700,6017,2
"394",6037267901,6017,17
"395",6037275313,6017,2
"396",6037311601,6017,5
"397",6037650606,6017,2
"398",6037651101,6017,10
"399",6037670417,6017,4
"400",6037700801,6017,8
"401",6037700802,6017,4
"402",6037701000,6017,2
"403",6037701602,6017,3
"404",6037701701,6017,1
"405",6037702300,6017,9
"406",6037702900,6017,3
"407",6037980013,6017,33
"408",6079011505,6017,10
"409",6083000302,6017,9
"410",6083001404,6017,4
"411",6083002211,6017,2
"412",6083003001,6017,8
"413",6111005906,6017,2
"414",6111008502,6017,2
"415",6037108204,6019,14
"416",6037119202,6019,1
"417",6037120300,6019,20
"418",6037135116,6019,49
"419",6037141400,6019,9
"420",6037191810,6019,2
"421",6037207305,6019,11
"422",6037214000,6019,3
"423",6037216302,6019,14
"424",6037224010,6019,6
"425",6037224020,6019,16
"426",6037264305,6019,1
"427",6037265204,6019,9
"428",6037265301,6019,16
"429",6037265307,6019,4
"430",6037267700,6019,26
"431",6037267901,6019,58
"432",6037269000,6019,6
"433",6037271600,6019,1
"434",6037311601,6019,26
"435",6037311602,6019,4
"436",6037464000,6019,10
"437",6037620400,6019,21
"438",6037650606,6019,8
"439",6037651101,6019,35
"440",6037670417,6019,7
"441",6037700801,6019,66
"442",6037700802,6019,15
"443",6037701000,6019,8
"444",6037701501,6019,1
"445",6037701502,6019,6
"446",6037701601,6019,2
"447",6037701602,6019,5
"448",6037701701,6019,7
"449",6037701802,6019,3
"450",6037702300,6019,18
"451",6037702802,6019,3
"452",6037702900,6019,18
"453",6037703003,6019,316
"454",6037800324,6019,22
"455",6037800325,6019,10
"456",6037800337,6019,15
"457",6037800504,6019,3
"458",6037920328,6019,21
"459",6037920330,6019,10
"460",6037980013,6019,101
"461",6059062647,6019,3
"462",6059099232,6019,6
"463",6079011505,6019,67
"464",6079012505,6019,27
"465",6083000302,6019,14
"466",6083000400,6019,14
"467",6083001404,6019,7
"468",6083002211,6019,5
"469",6083003001,6019,66
"470",6111001510,6019,10
"471",6111005906,6019,14
"472",6111005907,6019,18
"473",6111006600,6019,2
"474",6111007000,6019,13
"475",6111008501,6019,5
"476",6111008502,6019,17
"477",6037207711,6021,3
"478",6037224020,6021,1
"479",6037701602,6021,1
"480",6037703003,6021,13
"481",6037800337,6021,1
"482",6037980013,6021,2
"483",6079011505,6021,3
"484",6083002211,6021,1
"485",6111001510,6021,1
"486",6111005906,6021,1
"487",6111007000,6021,1
"488",6037207305,6023,1
"489",6037265204,6023,2
"490",6037267901,6023,3
"491",6037702300,6023,1
"492",6037703003,6023,47
"493",6079011505,6023,2
"494",6037108204,6025,5
"495",6037120300,6025,4
"496",6037134422,6025,2
"497",6037135116,6025,12
"498",6037141400,6025,5
"499",6037207305,6025,6
"500",6037207711,6025,73
"501",6037212303,6025,2
"502",6037214000,6025,10
"503",6037216302,6025,11
"504",6037224010,6025,1
"505",6037224020,6025,6
"506",6037265204,6025,10
"507",6037265301,6025,1
"508",6037265307,6025,3
"509",6037267300,6025,1
"510",6037267700,6025,7
"511",6037267901,6025,35
"512",6037271600,6025,2
"513",6037275313,6025,3
"514",6037311601,6025,18
"515",6037311602,6025,1
"516",6037431701,6025,5
"517",6037461700,6025,2
"518",6037463900,6025,3
"519",6037464000,6025,4
"520",6037481606,6025,3
"521",6037620303,6025,7
"522",6037620400,6025,15
"523",6037620802,6025,1
"524",6037621201,6025,3
"525",6037650606,6025,5
"526",6037651101,6025,41
"527",6037670417,6025,6
"528",6037700801,6025,29
"529",6037700802,6025,4
"530",6037701000,6025,5
"531",6037701502,6025,6
"532",6037701601,6025,5
"533",6037701602,6025,3
"534",6037701701,6025,7
"535",6037701802,6025,3
"536",6037702300,6025,8
"537",6037702802,6025,3
"538",6037702900,6025,7
"539",6037703003,6025,51
"540",6037800324,6025,6
"541",6037800325,6025,1
"542",6037800337,6025,5
"543",6037800504,6025,3
"544",6037920328,6025,6
"545",6037920330,6025,1
"546",6037980013,6025,51
"547",6059052513,6025,2
"548",6059062647,6025,5
"549",6079011505,6025,8
"550",6083000302,6025,3
"551",6111001510,6025,2
"552",6111005906,6025,4
"553",6111005907,6025,2
"554",6111006600,6025,2
"555",6111007000,6025,5
"556",6111008501,6025,1
"557",6111008502,6025,3
"558",6037207305,6027,2
"559",6037207711,6027,1
"560",6037311601,6027,1
"561",6037651101,6027,2
"562",6037701602,6027,1
"563",6037980013,6027,1
"564",6079011505,6027,6
"565",6079012505,6027,4
"566",6083003001,6027,1
"567",6037108204,6029,38
"568",6037119202,6029,1
"569",6037120300,6029,34
"570",6037134422,6029,6
"571",6037135116,6029,90
"572",6037141400,6029,12
"573",6037143200,6029,1
"574",6037191810,6029,3
"575",6037207305,6029,32
"576",6037207711,6029,164
"577",6037212303,6029,4
"578",6037214000,6029,15
"579",6037216302,6029,12
"580",6037224010,6029,96
"581",6037224020,6029,32
"582",6037264305,6029,2
"583",6037265204,6029,29
"584",6037265301,6029,28
"585",6037265307,6029,1
"586",6037267300,6029,7
"587",6037267700,6029,142
"588",6037267901,6029,213
"589",6037269000,6029,4
"590",6037271600,6029,3
"591",6037275313,6029,14
"592",6037311601,6029,65
"593",6037311602,6029,13
"594",6037431701,6029,5
"595",6037461700,6029,3
"596",6037463900,6029,21
"597",6037464000,6029,15
"598",6037481606,6029,4
"599",6037620400,6029,42
"600",6037620802,6029,6
"601",6037621201,6029,9
"602",6037650606,6029,18
"603",6037651101,6029,144
"604",6037670417,6029,16
"605",6037700801,6029,87
"606",6037700802,6029,18
"607",6037701000,6029,37
"608",6037701501,6029,10
"609",6037701502,6029,16
"610",6037701601,6029,14
"611",6037701602,6029,30
"612",6037701701,6029,19
"613",6037701802,6029,11
"614",6037702300,6029,21
"615",6037702802,6029,7
"616",6037702900,6029,27
"617",6037703003,6029,303
"618",6037800324,6029,43
"619",6037800337,6029,44
"620",6037800504,6029,20
"621",6037920328,6029,89
"622",6037920330,6029,64
"623",6037980013,6029,303
"624",6059052513,6029,3
"625",6059062647,6029,7
"626",6059099232,6029,15
"627",6079011505,6029,203
"628",6079012505,6029,26
"629",6083000302,6029,10
"630",6083000400,6029,22
"631",6083001404,6029,30
"632",6083002211,6029,103
"633",6083003001,6029,100
"634",6111001510,6029,55
"635",6111005906,6029,113
"636",6111005907,6029,20
"637",6111006600,6029,7
"638",6111007000,6029,47
"639",6111008501,6029,13
"640",6111008502,6029,45
"641",6037108204,6031,2
"642",6037120300,6031,3
"643",6037135116,6031,10
"644",6037141400,6031,4
"645",6037143200,6031,1
"646",6037207711,6031,11
"647",6037216302,6031,2
"648",6037224010,6031,1
"649",6037224020,6031,3
"650",6037264305,6031,2
"651",6037265204,6031,6
"652",6037265301,6031,3
"653",6037267700,6031,4
"654",6037267901,6031,12
"655",6037275313,6031,1
"656",6037311601,6031,3
"657",6037463900,6031,1
"658",6037620400,6031,4
"659",6037651101,6031,11
"660",6037670417,6031,3
"661",6037700801,6031,12
"662",6037700802,6031,1
"663",6037701502,6031,1
"664",6037701701,6031,1
"665",6037702900,6031,7
"666",6037703003,6031,49
"667",6037800324,6031,2
"668",6037800337,6031,2
"669",6037800504,6031,3
"670",6037920328,6031,1
"671",6037920330,6031,1
"672",6037980013,6031,17
"673",6059099232,6031,2
"674",6079011505,6031,22
"675",6079012505,6031,11
"676",6083000400,6031,2
"677",6083001404,6031,1
"678",6083002211,6031,6
"679",6083003001,6031,33
"680",6111001510,6031,2
"681",6111005906,6031,11
"682",6111005907,6031,1
"683",6111006600,6031,1
"684",6111007000,6031,1
"685",6111008501,6031,2
"686",6111008502,6031,4
"687",6037207711,6033,3
"688",6037216302,6033,1
"689",6037267700,6033,1
"690",6037267901,6033,1
"691",6037311601,6033,4
"692",6037311602,6033,1
"693",6037650606,6033,1
"694",6037703003,6033,22
"695",6037800337,6033,2
"696",6037920328,6033,2
"697",6037980013,6033,3
"698",6059099232,6033,1
"699",6079011505,6033,5
"700",6083002211,6033,1
"701",6083003001,6033,2
"702",6111001510,6033,1
"703",6037267901,6035,3
"704",6037703003,6035,12
"705",6079011505,6035,1
"706",6083001404,6035,1
"707",6111005906,6035,1
"708",6037108202,6037,282
"709",6037108204,6037,1137
"710",6037119202,6037,216
"711",6037120300,6037,1826
"712",6037134422,6037,1845
"713",6037135116,6037,4855
"714",6037141400,6037,7234
"715",6037143200,6037,1157
"716",6037191810,6037,1434
"717",6037207305,6037,5486
"718",6037207711,6037,23889
"719",6037212303,6037,2010
"720",6037214000,6037,2292
"721",6037216302,6037,6233
"722",6037219901,6037,445
"723",6037224010,6037,4717
"724",6037224020,6037,5519
"725",6037264305,6037,1136
"726",6037265204,6037,3564
"727",6037265301,6037,8543
"728",6037265307,6037,737
"729",6037267300,6037,1003
"730",6037267700,6037,6745
"731",6037267901,6037,36403
"732",6037269000,6037,1348
"733",6037271600,6037,479
"734",6037275313,6037,2127
"735",6037311601,6037,23282
"736",6037311602,6037,3049
"737",6037431701,6037,1221
"738",6037461700,6037,1229
"739",6037463900,6037,6342
"740",6037464000,6037,3552
"741",6037481606,6037,2187
"742",6037620303,6037,1223
"743",6037620400,6037,6322
"744",6037620802,6037,1745
"745",6037621201,6037,1424
"746",6037650606,6037,5757
"747",6037651101,6037,19225
"748",6037670417,6037,2340
"749",6037700801,6037,19092
"750",6037700802,6037,5684
"751",6037701000,6037,6806
"752",6037701501,6037,1630
"753",6037701502,6037,2551
"754",6037701601,6037,1939
"755",6037701602,6037,4665
"756",6037701701,6037,5300
"757",6037701802,6037,3332
"758",6037702300,6037,5796
"759",6037702802,6037,748
"760",6037702900,6037,4558
"761",6037703003,6037,40257
"762",6037800324,6037,1919
"763",6037800325,6037,638
"764",6037800337,6037,3327
"765",6037800504,6037,2334
"766",6037920328,6037,2982
"767",6037920330,6037,3982
"768",6037980013,6037,36090
"769",6059052513,6037,205
"770",6059062647,6037,597
"771",6059099232,6037,593
"772",6079011505,6037,198
"773",6079012505,6037,23
"774",6083000302,6037,108
"775",6083000400,6037,120
"776",6083001404,6037,122
"777",6083002211,6037,164
"778",6083003001,6037,519
"779",6111001510,6037,600
"780",6111005906,6037,2226
"781",6111005907,6037,1162
"782",6111006600,6037,555
"783",6111007000,6037,1027
"784",6111008501,6037,369
"785",6111008502,6037,1519
"786",6037120300,6039,5
"787",6037135116,6039,7
"788",6037207711,6039,14
"789",6037212303,6039,1
"790",6037216302,6039,3
"791",6037224010,6039,1
"792",6037265204,6039,2
"793",6037265301,6039,6
"794",6037267700,6039,5
"795",6037311601,6039,2
"796",6037463900,6039,1
"797",6037651101,6039,9
"798",6037700801,6039,9
"799",6037700802,6039,1
"800",6037701701,6039,1
"801",6037702300,6039,1
"802",6037800324,6039,3
"803",6037920328,6039,4
"804",6037980013,6039,11
"805",6079011505,6039,20
"806",6083003001,6039,55
"807",6111001510,6039,1
"808",6111007000,6039,2
"809",6111008501,6039,2
"810",6111008502,6039,2
"811",6037141400,6041,7
"812",6037207305,6041,4
"813",6037207711,6041,66
"814",6037214000,6041,1
"815",6037224020,6041,5
"816",6037265204,6041,7
"817",6037265301,6041,6
"818",6037267300,6041,1
"819",6037267901,6041,76
"820",6037269000,6041,2
"821",6037275313,6041,5
"822",6037311601,6041,24
"823",6037311602,6041,1
"824",6037620303,6041,2
"825",6037620400,6041,10
"826",6037670417,6041,2
"827",6037700801,6041,16
"828",6037700802,6041,4
"829",6037701501,6041,1
"830",6037701502,6041,2
"831",6037701601,6041,3
"832",6037701802,6041,2
"833",6037702300,6041,7
"834",6037702900,6041,9
"835",6037800337,6041,10
"836",6037800504,6041,3
"837",6037980013,6041,51
"838",6079011505,6041,3
"839",6083000302,6041,5
"840",6083000400,6041,4
"841",6083001404,6041,1
"842",6083002211,6041,1
"843",6083003001,6041,5
"844",6111005906,6041,2
"845",6111005907,6041,3
"846",6111008501,6041,1
"847",6037135116,6043,1
"848",6037207711,6043,2
"849",6037216302,6043,1
"850",6037265301,6043,1
"851",6037651101,6043,1
"852",6037800337,6043,2
"853",6037980013,6043,1
"854",6079011505,6043,2
"855",6079012505,6043,3
"856",6083001404,6043,1
"857",6083003001,6043,2
"858",6037207711,6045,5
"859",6037224010,6045,1
"860",6037224020,6045,3
"861",6037267700,6045,1
"862",6037267901,6045,1
"863",6037311601,6045,2
"864",6037311602,6045,1
"865",6037703003,6045,24
"866",6037800337,6045,1
"867",6037800504,6045,3
"868",6037920330,6045,1
"869",6037980013,6045,3
"870",6083000400,6045,2
"871",6083002211,6045,1
"872",6083003001,6045,3
"873",6111001510,6045,2
"874",6111005906,6045,1
"875",6111007000,6045,1
"876",6037120300,6047,6
"877",6037135116,6047,8
"878",6037207305,6047,2
"879",6037207711,6047,13
"880",6037216302,6047,2
"881",6037224010,6047,4
"882",6037224020,6047,2
"883",6037264305,6047,1
"884",6037265204,6047,1
"885",6037265301,6047,9
"886",6037267700,6047,9
"887",6037311601,6047,3
"888",6037311602,6047,1
"889",6037463900,6047,2
"890",6037620303,6047,1
"891",6037620400,6047,1
"892",6037651101,6047,6
"893",6037700801,6047,7
"894",6037701602,6047,3
"895",6037701701,6047,3
"896",6037702300,6047,2
"897",6037703003,6047,4
"898",6037800324,6047,1
"899",6037800337,6047,2
"900",6037980013,6047,29
"901",6059052513,6047,1
"902",6079011505,6047,27
"903",6079012505,6047,2
"904",6083001404,6047,1
"905",6083002211,6047,10
"906",6083003001,6047,46
"907",6111001510,6047,4
"908",6111005906,6047,1
"909",6111005907,6047,3
"910",6111007000,6047,2
"911",6111008502,6047,4
"912",6037703003,6049,3
"913",6037207711,6051,2
"914",6037267700,6051,1
"915",6037651101,6051,1
"916",6037700801,6051,1
"917",6037980013,6051,2
"918",6079012505,6051,1
"919",6083000302,6051,1
"920",6111001510,6051,1
"921",6037119202,6053,2
"922",6037120300,6053,2
"923",6037135116,6053,6
"924",6037141400,6053,1
"925",6037191810,6053,2
"926",6037207305,6053,2
"927",6037216302,6053,9
"928",6037224010,6053,6
"929",6037224020,6053,6
"930",6037265204,6053,1
"931",6037265301,6053,4
"932",6037275313,6053,4
"933",6037431701,6053,1
"934",6037464000,6053,1
"935",6037620400,6053,5
"936",6037651101,6053,11
"937",6037700801,6053,33
"938",6037700802,6053,8
"939",6037701000,6053,3
"940",6037701502,6053,4
"941",6037701601,6053,2
"942",6037701602,6053,2
"943",6037702300,6053,8
"944",6037702802,6053,1
"945",6037702900,6053,9
"946",6037800324,6053,4
"947",6037800325,6053,5
"948",6037800337,6053,6
"949",6079011505,6053,86
"950",6079012505,6053,34
"951",6083000302,6053,18
"952",6083000400,6053,2
"953",6083001404,6053,2
"954",6083002211,6053,16
"955",6083003001,6053,14
"956",6111005906,6053,1
"957",6111006600,6053,2
"958",6111007000,6053,6
"959",6111008501,6053,1
"960",6111008502,6053,2
"961",6037120300,6055,3
"962",6037134422,6055,1
"963",6037135116,6055,5
"964",6037207711,6055,16
"965",6037214000,6055,1
"966",6037216302,6055,7
"967",6037224010,6055,5
"968",6037224020,6055,5
"969",6037267700,6055,4
"970",6037267901,6055,21
"971",6037311601,6055,8
"972",6037311602,6055,1
"973",6037463900,6055,1
"974",6037464000,6055,1
"975",6037481606,6055,1
"976",6037650606,6055,1
"977",6037700801,6055,8
"978",6037700802,6055,3
"979",6037701000,6055,7
"980",6037701501,6055,1
"981",6037702900,6055,2
"982",6037800325,6055,1
"983",6037800337,6055,6
"984",6037800504,6055,1
"985",6037920328,6055,7
"986",6037920330,6055,2
"987",6037980013,6055,9
"988",6059062647,6055,2
"989",6059099232,6055,1
"990",6083000302,6055,2
"991",6083000400,6055,2
"992",6083001404,6055,3
"993",6083002211,6055,1
"994",6083003001,6055,3
"995",6111005906,6055,2
"996",6111005907,6055,1
"997",6111007000,6055,1
"998",6037135116,6057,4
"999",6037224020,6057,2
"1000",6037267700,6057,2
"1001",6037275313,6057,2
"1002",6037311601,6057,2
"1003",6037650606,6057,1
"1004",6037651101,6057,2
"1005",6037700801,6057,3
"1006",6037701602,6057,1
"1007",6037800324,6057,5
"1008",6037800325,6057,1
"1009",6037980013,6057,5
"1010",6059062647,6057,1
"1011",6079011505,6057,2
"1012",6083003001,6057,1
"1013",6111001510,6057,1
"1014",6111007000,6057,3
"1015",6111008502,6057,1
"1016",6037108202,6059,8
"1017",6037108204,6059,120
"1018",6037119202,6059,11
"1019",6037120300,6059,115
"1020",6037134422,6059,17
"1021",6037135116,6059,539
"1022",6037141400,6059,292
"1023",6037143200,6059,19
"1024",6037191810,6059,37
"1025",6037207305,6059,326
"1026",6037207711,6059,2973
"1027",6037212303,6059,171
"1028",6037214000,6059,87
"1029",6037216302,6059,406
"1030",6037219901,6059,22
"1031",6037224010,6059,234
"1032",6037224020,6059,638
"1033",6037264305,6059,66
"1034",6037265204,6059,261
"1035",6037265301,6059,290
"1036",6037265307,6059,37
"1037",6037267300,6059,39
"1038",6037267700,6059,385
"1039",6037267901,6059,2088
"1040",6037269000,6059,36
"1041",6037271600,6059,33
"1042",6037275313,6059,165
"1043",6037311601,6059,892
"1044",6037311602,6059,116
"1045",6037431701,6059,81
"1046",6037461700,6059,51
"1047",6037463900,6059,228
"1048",6037464000,6059,202
"1049",6037481606,6059,74
"1050",6037620303,6059,173
"1051",6037620400,6059,803
"1052",6037620802,6059,114
"1053",6037621201,6059,113
"1054",6037650606,6059,318
"1055",6037651101,6059,1981
"1056",6037670417,6059,291
"1057",6037700801,6059,1251
"1058",6037700802,6059,233
"1059",6037701000,6059,409
"1060",6037701501,6059,78
"1061",6037701502,6059,96
"1062",6037701601,6059,111
"1063",6037701602,6059,192
"1064",6037701701,6059,286
"1065",6037701802,6059,174
"1066",6037702300,6059,472
"1067",6037702802,6059,46
"1068",6037702900,6059,482
"1069",6037703003,6059,3359
"1070",6037800324,6059,147
"1071",6037800325,6059,50
"1072",6037800337,6059,242
"1073",6037800504,6059,82
"1074",6037920328,6059,226
"1075",6037920330,6059,78
"1076",6037980013,6059,7126
"1077",6059052513,6059,2001
"1078",6059062647,6059,3837
"1079",6059099232,6059,2271
"1080",6079011505,6059,128
"1081",6079012505,6059,2
"1082",6083000302,6059,28
"1083",6083000400,6059,33
"1084",6083001404,6059,31
"1085",6083002211,6059,22
"1086",6083003001,6059,298
"1087",6111001510,6059,58
"1088",6111005906,6059,196
"1089",6111005907,6059,169
"1090",6111006600,6059,10
"1091",6111007000,6059,110
"1092",6111008501,6059,45
"1093",6111008502,6059,138
"1094",6037108204,6061,1
"1095",6037141400,6061,4
"1096",6037191810,6061,1
"1097",6037207305,6061,2
"1098",6037207711,6061,41
"1099",6037214000,6061,2
"1100",6037264305,6061,2
"1101",6037265204,6061,6
"1102",6037265301,6061,6
"1103",6037267700,6061,5
"1104",6037267901,6061,37
"1105",6037275313,6061,1
"1106",6037311601,6061,13
"1107",6037311602,6061,3
"1108",6037650606,6061,8
"1109",6037651101,6061,15
"1110",6037670417,6061,3
"1111",6037700801,6061,12
"1112",6037700802,6061,5
"1113",6037701000,6061,2
"1114",6037701602,6061,4
"1115",6037701701,6061,3
"1116",6037702300,6061,24
"1117",6037702802,6061,2
"1118",6037702900,6061,7
"1119",6037920328,6061,1
"1120",6037980013,6061,63
"1121",6079011505,6061,23
"1122",6083000302,6061,8
"1123",6083001404,6061,2
"1124",6083002211,6061,2
"1125",6083003001,6061,15
"1126",6111005906,6061,3
"1127",6111008502,6061,2
"1128",6037135116,6063,2
"1129",6037216302,6063,1
"1130",6037224020,6063,1
"1131",6037265204,6063,1
"1132",6037700801,6063,1
"1133",6037800324,6063,1
"1134",6037980013,6063,1
"1135",6079011505,6063,2
"1136",6111001510,6063,1
"1137",6111008502,6063,1
"1138",6037108202,6065,13
"1139",6037108204,6065,47
"1140",6037119202,6065,6
"1141",6037120300,6065,52
"1142",6037134422,6065,21
"1143",6037135116,6065,213
"1144",6037141400,6065,97
"1145",6037143200,6065,16
"1146",6037191810,6065,17
"1147",6037207305,6065,128
"1148",6037207711,6065,872
"1149",6037212303,6065,36
"1150",6037214000,6065,61
"1151",6037216302,6065,172
"1152",6037219901,6065,10
"1153",6037224010,6065,91
"1154",6037224020,6065,150
"1155",6037264305,6065,17
"1156",6037265204,6065,97
"1157",6037265301,6065,73
"1158",6037265307,6065,10
"1159",6037267300,6065,6
"1160",6037267700,6065,129
"1161",6037267901,6065,508
"1162",6037269000,6065,19
"1163",6037271600,6065,6
"1164",6037275313,6065,60
"1165",6037311601,6065,250
"1166",6037311602,6065,34
"1167",6037431701,6065,49
"1168",6037461700,6065,18
"1169",6037463900,6065,94
"1170",6037464000,6065,65
"1171",6037481606,6065,34
"1172",6037620303,6065,36
"1173",6037620400,6065,207
"1174",6037620802,6065,17
"1175",6037621201,6065,18
"1176",6037650606,6065,74
"1177",6037651101,6065,649
"1178",6037670417,6065,66
"1179",6037700801,6065,406
"1180",6037700802,6065,100
"1181",6037701000,6065,143
"1182",6037701501,6065,25
"1183",6037701502,6065,47
"1184",6037701601,6065,34
"1185",6037701602,6065,61
"1186",6037701701,6065,47
"1187",6037701802,6065,55
"1188",6037702300,6065,158
"1189",6037702802,6065,14
"1190",6037702900,6065,146
"1191",6037703003,6065,1114
"1192",6037800324,6065,97
"1193",6037800325,6065,14
"1194",6037800337,6065,101
"1195",6037800504,6065,47
"1196",6037920328,6065,111
"1197",6037920330,6065,57
"1198",6037980013,6065,1277
"1199",6059052513,6065,100
"1200",6059062647,6065,333
"1201",6059099232,6065,129
"1202",6079011505,6065,79
"1203",6079012505,6065,4
"1204",6083000302,6065,25
"1205",6083000400,6065,14
"1206",6083001404,6065,8
"1207",6083002211,6065,9
"1208",6083003001,6065,69
"1209",6111001510,6065,40
"1210",6111005906,6065,81
"1211",6111005907,6065,54
"1212",6111006600,6065,11
"1213",6111007000,6065,66
"1214",6111008501,6065,20
"1215",6111008502,6065,67
"1216",6037108204,6067,2
"1217",6037120300,6067,1
"1218",6037135116,6067,6
"1219",6037141400,6067,14
"1220",6037207305,6067,16
"1221",6037207711,6067,254
"1222",6037212303,6067,1
"1223",6037214000,6067,12
"1224",6037216302,6067,19
"1225",6037224010,6067,13
"1226",6037224020,6067,26
"1227",6037265204,6067,6
"1228",6037265301,6067,10
"1229",6037265307,6067,5
"1230",6037267300,6067,5
"1231",6037267700,6067,12
"1232",6037267901,6067,62
"1233",6037275313,6067,4
"1234",6037311601,6067,35
"1235",6037311602,6067,2
"1236",6037431701,6067,1
"1237",6037461700,6067,1
"1238",6037464000,6067,2
"1239",6037481606,6067,1
"1240",6037620303,6067,1
"1241",6037620400,6067,15
"1242",6037620802,6067,1
"1243",6037621201,6067,1
"1244",6037650606,6067,5
"1245",6037651101,6067,65
"1246",6037670417,6067,7
"1247",6037700801,6067,68
"1248",6037700802,6067,6
"1249",6037701000,6067,9
"1250",6037701502,6067,2
"1251",6037701602,6067,18
"1252",6037701701,6067,21
"1253",6037701802,6067,11
"1254",6037702300,6067,37
"1255",6037702802,6067,3
"1256",6037702900,6067,10
"1257",6037703003,6067,323
"1258",6037800324,6067,16
"1259",6037800325,6067,10
"1260",6037800337,6067,45
"1261",6037800504,6067,9
"1262",6037920328,6067,6
"1263",6037980013,6067,162
"1264",6059062647,6067,4
"1265",6059099232,6067,4
"1266",6079011505,6067,53
"1267",6079012505,6067,4
"1268",6083000302,6067,7
"1269",6083000400,6067,10
"1270",6083001404,6067,4
"1271",6083002211,6067,3
"1272",6083003001,6067,9
"1273",6111001510,6067,3
"1274",6111005906,6067,8
"1275",6111005907,6067,3
"1276",6111007000,6067,24
"1277",6111008501,6067,2
"1278",6111008502,6067,4
"1279",6037120300,6069,1
"1280",6037135116,6069,2
"1281",6037216302,6069,1
"1282",6037224020,6069,1
"1283",6037464000,6069,1
"1284",6037620400,6069,3
"1285",6037700801,6069,1
"1286",6037700802,6069,2
"1287",6037702300,6069,2
"1288",6037702900,6069,1
"1289",6037800325,6069,2
"1290",6037800337,6069,2
"1291",6079011505,6069,8
"1292",6079012505,6069,14
"1293",6083000302,6069,1
"1294",6083000400,6069,1
"1295",6083002211,6069,1
"1296",6083003001,6069,5
"1297",6111005906,6069,1
"1298",6111008502,6069,1
"1299",6037108202,6071,24
"1300",6037108204,6071,59
"1301",6037119202,6071,12
"1302",6037120300,6071,101
"1303",6037134422,6071,11
"1304",6037135116,6071,276
"1305",6037141400,6071,141
"1306",6037143200,6071,26
"1307",6037191810,6071,30
"1308",6037207305,6071,198
"1309",6037207711,6071,966
"1310",6037212303,6071,72
"1311",6037214000,6071,55
"1312",6037216302,6071,204
"1313",6037219901,6071,14
"1314",6037224010,6071,229
"1315",6037224020,6071,210
"1316",6037264305,6071,15
"1317",6037265204,6071,88
"1318",6037265301,6071,121
"1319",6037265307,6071,12
"1320",6037267300,6071,18
"1321",6037267700,6071,153
"1322",6037267901,6071,586
"1323",6037269000,6071,26
"1324",6037271600,6071,19
"1325",6037275313,6071,48
"1326",6037311601,6071,311
"1327",6037311602,6071,48
"1328",6037431701,6071,69
"1329",6037461700,6071,52
"1330",6037463900,6071,332
"1331",6037464000,6071,117
"1332",6037481606,6071,59
"1333",6037620303,6071,16
"1334",6037620400,6071,331
"1335",6037620802,6071,23
"1336",6037621201,6071,31
"1337",6037650606,6071,78
"1338",6037651101,6071,575
"1339",6037670417,6071,64
"1340",6037700801,6071,425
"1341",6037700802,6071,242
"1342",6037701000,6071,131
"1343",6037701501,6071,23
"1344",6037701502,6071,43
"1345",6037701601,6071,30
"1346",6037701602,6071,76
"1347",6037701701,6071,81
"1348",6037701802,6071,37
"1349",6037702300,6071,171
"1350",6037702802,6071,13
"1351",6037702900,6071,166
"1352",6037703003,6071,1117
"1353",6037800324,6071,91
"1354",6037800325,6071,17
"1355",6037800337,6071,114
"1356",6037800504,6071,44
"1357",6037920328,6071,117
"1358",6037920330,6071,52
"1359",6037980013,6071,1388
"1360",6059052513,6071,53
"1361",6059062647,6071,161
"1362",6059099232,6071,103
"1363",6079011505,6071,49
"1364",6079012505,6071,12
"1365",6083000302,6071,10
"1366",6083000400,6071,7
"1367",6083001404,6071,13
"1368",6083002211,6071,22
"1369",6083003001,6071,70
"1370",6111001510,6071,35
"1371",6111005906,6071,103
"1372",6111005907,6071,46
"1373",6111006600,6071,7
"1374",6111007000,6071,83
"1375",6111008501,6071,25
"1376",6111008502,6071,101
"1377",6037108204,6073,41
"1378",6037120300,6073,38
"1379",6037134422,6073,6
"1380",6037135116,6073,231
"1381",6037141400,6073,191
"1382",6037143200,6073,11
"1383",6037191810,6073,17
"1384",6037207305,6073,101
"1385",6037207711,6073,1240
"1386",6037212303,6073,22
"1387",6037214000,6073,48
"1388",6037216302,6073,193
"1389",6037219901,6073,5
"1390",6037224010,6073,57
"1391",6037224020,6073,86
"1392",6037264305,6073,12
"1393",6037265204,6073,114
"1394",6037265301,6073,75
"1395",6037265307,6073,9
"1396",6037267300,6073,5
"1397",6037267700,6073,184
"1398",6037267901,6073,1011
"1399",6037269000,6073,19
"1400",6037271600,6073,20
"1401",6037275313,6073,65
"1402",6037311601,6073,318
"1403",6037311602,6073,33
"1404",6037431701,6073,14
"1405",6037461700,6073,14
"1406",6037463900,6073,54
"1407",6037464000,6073,65
"1408",6037481606,6073,24
"1409",6037620303,6073,34
"1410",6037620400,6073,319
"1411",6037620802,6073,20
"1412",6037621201,6073,49
"1413",6037650606,6073,80
"1414",6037651101,6073,461
"1415",6037670417,6073,80
"1416",6037700801,6073,492
"1417",6037700802,6073,99
"1418",6037701000,6073,125
"1419",6037701501,6073,33
"1420",6037701502,6073,30
"1421",6037701601,6073,52
"1422",6037701602,6073,95
"1423",6037701701,6073,59
"1424",6037701802,6073,66
"1425",6037702300,6073,385
"1426",6037702802,6073,10
"1427",6037702900,6073,218
"1428",6037703003,6073,1150
"1429",6037800324,6073,155
"1430",6037800325,6073,33
"1431",6037800337,6073,172
"1432",6037800504,6073,47
"1433",6037920328,6073,96
"1434",6037920330,6073,40
"1435",6037980013,6073,2159
"1436",6059052513,6073,63
"1437",6059062647,6073,298
"1438",6059099232,6073,110
"1439",6079011505,6073,113
"1440",6079012505,6073,5
"1441",6083000302,6073,16
"1442",6083000400,6073,24
"1443",6083001404,6073,30
"1444",6083002211,6073,4
"1445",6083003001,6073,207
"1446",6111001510,6073,42
"1447",6111005906,6073,175
"1448",6111005907,6073,80
"1449",6111006600,6073,5
"1450",6111007000,6073,84
"1451",6111008501,6073,22
"1452",6111008502,6073,77
"1453",6037135116,6075,25
"1454",6037141400,6075,26
"1455",6037207305,6075,16
"1456",6037207711,6075,338
"1457",6037214000,6075,11
"1458",6037216302,6075,122
"1459",6037224010,6075,2
"1460",6037224020,6075,16
"1461",6037264305,6075,4
"1462",6037265204,6075,32
"1463",6037265301,6075,12
"1464",6037267700,6075,32
"1465",6037267901,6075,631
"1466",6037269000,6075,7
"1467",6037311601,6075,171
"1468",6037311602,6075,26
"1469",6037463900,6075,11
"1470",6037620303,6075,8
"1471",6037620400,6075,29
"1472",6037650606,6075,12
"1473",6037651101,6075,24
"1474",6037701000,6075,66
"1475",6037701501,6075,14
"1476",6037701502,6075,2
"1477",6037701601,6075,2
"1478",6037701602,6075,4
"1479",6037701701,6075,39
"1480",6037701802,6075,19
"1481",6037702300,6075,105
"1482",6037800324,6075,17
"1483",6037800325,6075,9
"1484",6037800337,6075,37
"1485",6037920328,6075,3
"1486",6037980013,6075,261
"1487",6059062647,6075,1
"1488",6079011505,6075,29
"1489",6079012505,6075,2
"1490",6083001404,6075,5
"1491",6083002211,6075,4
"1492",6111001510,6075,3
"1493",6111005906,6075,5
"1494",6111005907,6075,7
"1495",6111007000,6075,23
"1496",6037135116,6077,10
"1497",6037207305,6077,7
"1498",6037207711,6077,76
"1499",6037214000,6077,2
"1500",6037224010,6077,4
"1501",6037224020,6077,9
"1502",6037265204,6077,3
"1503",6037267700,6077,3
"1504",6037267901,6077,30
"1505",6037269000,6077,1
"1506",6037311601,6077,21
"1507",6037311602,6077,2
"1508",6037620400,6077,12
"1509",6037651101,6077,28
"1510",6037670417,6077,3
"1511",6037700801,6077,53
"1512",6037700802,6077,3
"1513",6037701501,6077,4
"1514",6037701602,6077,1
"1515",6037701802,6077,1
"1516",6037702300,6077,42
"1517",6037800337,6077,14
"1518",6037920328,6077,17
"1519",6037980013,6077,106
"1520",6059062647,6077,1
"1521",6059099232,6077,3
"1522",6079011505,6077,34
"1523",6079012505,6077,5
"1524",6083001404,6077,4
"1525",6083002211,6077,18
"1526",6083003001,6077,23
"1527",6111001510,6077,6
"1528",6111005906,6077,21
"1529",6111005907,6077,9
"1530",6111007000,6077,2
"1531",6111008501,6077,2
"1532",6111008502,6077,7
"1533",6037108202,6079,10
"1534",6037108204,6079,3
"1535",6037120300,6079,4
"1536",6037134422,6079,4
"1537",6037135116,6079,19
"1538",6037141400,6079,17
"1539",6037143200,6079,1
"1540",6037191810,6079,2
"1541",6037207305,6079,8
"1542",6037207711,6079,49
"1543",6037212303,6079,1
"1544",6037214000,6079,5
"1545",6037216302,6079,12
"1546",6037219901,6079,1
"1547",6037224010,6079,22
"1548",6037224020,6079,8
"1549",6037264305,6079,2
"1550",6037265204,6079,24
"1551",6037265301,6079,8
"1552",6037265307,6079,3
"1553",6037267700,6079,13
"1554",6037267901,6079,97
"1555",6037269000,6079,1
"1556",6037271600,6079,3
"1557",6037275313,6079,4
"1558",6037311601,6079,25
"1559",6037311602,6079,3
"1560",6037461700,6079,2
"1561",6037463900,6079,8
"1562",6037464000,6079,5
"1563",6037481606,6079,2
"1564",6037620303,6079,1
"1565",6037620400,6079,29
"1566",6037621201,6079,3
"1567",6037650606,6079,9
"1568",6037651101,6079,32
"1569",6037670417,6079,10
"1570",6037700801,6079,41
"1571",6037700802,6079,6
"1572",6037701000,6079,19
"1573",6037701501,6079,4
"1574",6037701502,6079,4
"1575",6037701601,6079,8
"1576",6037701602,6079,6
"1577",6037701701,6079,14
"1578",6037701802,6079,4
"1579",6037702300,6079,17
"1580",6037702802,6079,4
"1581",6037702900,6079,10
"1582",6037703003,6079,150
"1583",6037800324,6079,55
"1584",6037800337,6079,6
"1585",6037800504,6079,22
"1586",6037920328,6079,5
"1587",6037920330,6079,11
"1588",6037980013,6079,213
"1589",6059052513,6079,1
"1590",6059062647,6079,8
"1591",6059099232,6079,7
"1592",6079011505,6079,5883
"1593",6079012505,6079,1043
"1594",6083000302,6079,23
"1595",6083000400,6079,25
"1596",6083001404,6079,10
"1597",6083002211,6079,862
"1598",6083003001,6079,158
"1599",6111001510,6079,8
"1600",6111005906,6079,21
"1601",6111005907,6079,46
"1602",6111006600,6079,1
"1603",6111007000,6079,21
"1604",6111008501,6079,7
"1605",6111008502,6079,18
"1606",6037135116,6081,26
"1607",6037141400,6081,34
"1608",6037191810,6081,4
"1609",6037207305,6081,12
"1610",6037207711,6081,187
"1611",6037212303,6081,6
"1612",6037214000,6081,6
"1613",6037216302,6081,43
"1614",6037224010,6081,9
"1615",6037224020,6081,19
"1616",6037265204,6081,12
"1617",6037265301,6081,3
"1618",6037265307,6081,4
"1619",6037267901,6081,251
"1620",6037269000,6081,2
"1621",6037275313,6081,4
"1622",6037461700,6081,1
"1623",6037463900,6081,12
"1624",6037481606,6081,19
"1625",6037620303,6081,6
"1626",6037651101,6081,18
"1627",6037700801,6081,75
"1628",6037700802,6081,14
"1629",6037701701,6081,15
"1630",6037701802,6081,16
"1631",6037702900,6081,6
"1632",6037703003,6081,217
"1633",6037800337,6081,24
"1634",6037800504,6081,7
"1635",6037920328,6081,1
"1636",6037980013,6081,326
"1637",6059099232,6081,1
"1638",6079011505,6081,33
"1639",6083000302,6081,2
"1640",6083000400,6081,27
"1641",6083001404,6081,2
"1642",6083003001,6081,23
"1643",6111005906,6081,10
"1644",6111005907,6081,5
"1645",6037108204,6083,19
"1646",6037120300,6083,10
"1647",6037134422,6083,6
"1648",6037135116,6083,62
"1649",6037141400,6083,26
"1650",6037143200,6083,2
"1651",6037191810,6083,3
"1652",6037207305,6083,7
"1653",6037207711,6083,76
"1654",6037212303,6083,2
"1655",6037214000,6083,5
"1656",6037216302,6083,15
"1657",6037219901,6083,1
"1658",6037224010,6083,35
"1659",6037224020,6083,12
"1660",6037264305,6083,3
"1661",6037265204,6083,22
"1662",6037265301,6083,6
"1663",6037265307,6083,1
"1664",6037267700,6083,24
"1665",6037267901,6083,111
"1666",6037269000,6083,4
"1667",6037271600,6083,3
"1668",6037275313,6083,13
"1669",6037311601,6083,48
"1670",6037311602,6083,5
"1671",6037461700,6083,2
"1672",6037463900,6083,4
"1673",6037464000,6083,12
"1674",6037481606,6083,4
"1675",6037620303,6083,4
"1676",6037620400,6083,46
"1677",6037620802,6083,7
"1678",6037621201,6083,1
"1679",6037650606,6083,14
"1680",6037651101,6083,70
"1681",6037670417,6083,15
"1682",6037700801,6083,66
"1683",6037700802,6083,13
"1684",6037701000,6083,32
"1685",6037701501,6083,7
"1686",6037701502,6083,6
"1687",6037701601,6083,14
"1688",6037701602,6083,7
"1689",6037701701,6083,12
"1690",6037701802,6083,9
"1691",6037702300,6083,27
"1692",6037702802,6083,6
"1693",6037702900,6083,16
"1694",6037703003,6083,178
"1695",6037800324,6083,104
"1696",6037800325,6083,12
"1697",6037800337,6083,47
"1698",6037800504,6083,24
"1699",6037920328,6083,7
"1700",6037920330,6083,15
"1701",6037980013,6083,268
"1702",6059052513,6083,1
"1703",6059062647,6083,11
"1704",6059099232,6083,8
"1705",6079011505,6083,833
"1706",6079012505,6083,32
"1707",6083000302,6083,3413
"1708",6083000400,6083,1176
"1709",6083001404,6083,1327
"1710",6083002211,6083,1742
"1711",6083003001,6083,6296
"1712",6111001510,6083,247
"1713",6111005906,6083,92
"1714",6111005907,6083,79
"1715",6111006600,6083,27
"1716",6111007000,6083,70
"1717",6111008501,6083,11
"1718",6111008502,6083,59
"1719",6037108204,6085,8
"1720",6037120300,6085,8
"1721",6037135116,6085,73
"1722",6037141400,6085,33
"1723",6037207305,6085,14
"1724",6037207711,6085,371
"1725",6037214000,6085,15
"1726",6037216302,6085,48
"1727",6037224010,6085,6
"1728",6037224020,6085,8
"1729",6037264305,6085,2
"1730",6037265204,6085,29
"1731",6037265301,6085,15
"1732",6037265307,6085,13
"1733",6037267300,6085,1
"1734",6037267700,6085,27
"1735",6037267901,6085,349
"1736",6037269000,6085,1
"1737",6037275313,6085,15
"1738",6037311601,6085,65
"1739",6037311602,6085,12
"1740",6037463900,6085,10
"1741",6037464000,6085,6
"1742",6037481606,6085,8
"1743",6037620303,6085,2
"1744",6037620400,6085,38
"1745",6037650606,6085,17
"1746",6037651101,6085,31
"1747",6037700801,6085,201
"1748",6037700802,6085,14
"1749",6037701000,6085,19
"1750",6037701501,6085,4
"1751",6037701502,6085,4
"1752",6037701601,6085,1
"1753",6037701602,6085,7
"1754",6037701701,6085,35
"1755",6037701802,6085,18
"1756",6037702300,6085,302
"1757",6037702900,6085,28
"1758",6037703003,6085,906
"1759",6037800324,6085,35
"1760",6037800325,6085,8
"1761",6037800337,6085,137
"1762",6037800504,6085,13
"1763",6037920328,6085,9
"1764",6037920330,6085,10
"1765",6037980013,6085,2010
"1766",6059052513,6085,3
"1767",6059062647,6085,14
"1768",6059099232,6085,5
"1769",6079011505,6085,87
"1770",6079012505,6085,7
"1771",6083000302,6085,8
"1772",6083000400,6085,31
"1773",6083001404,6085,17
"1774",6083002211,6085,13
"1775",6083003001,6085,60
"1776",6111001510,6085,3
"1777",6111005906,6085,5
"1778",6111005907,6085,26
"1779",6111007000,6085,72
"1780",6111008501,6085,6
"1781",6111008502,6085,12
"1782",6037120300,6087,2
"1783",6037135116,6087,5
"1784",6037141400,6087,1
"1785",6037191810,6087,1
"1786",6037207305,6087,7
"1787",6037216302,6087,10
"1788",6037224010,6087,5
"1789",6037224020,6087,4
"1790",6037265204,6087,1
"1791",6037265301,6087,4
"1792",6037464000,6087,2
"1793",6037620400,6087,1
"1794",6037651101,6087,2
"1795",6037700801,6087,19
"1796",6037700802,6087,6
"1797",6037701000,6087,4
"1798",6037701502,6087,1
"1799",6037702300,6087,9
"1800",6037702900,6087,8
"1801",6037800324,6087,5
"1802",6037800325,6087,1
"1803",6037800337,6087,1
"1804",6079011505,6087,39
"1805",6079012505,6087,12
"1806",6083000302,6087,4
"1807",6083000400,6087,2
"1808",6083001404,6087,2
"1809",6083002211,6087,16
"1810",6083003001,6087,10
"1811",6111005906,6087,4
"1812",6111007000,6087,8
"1813",6111008501,6087,1
"1814",6111008502,6087,1
"1815",6037120300,6089,1
"1816",6037207305,6089,1
"1817",6037265204,6089,4
"1818",6037267901,6089,3
"1819",6037702300,6089,3
"1820",6037703003,6089,40
"1821",6079011505,6089,4
"1822",6037700801,6091,1
"1823",6037980013,6091,1
"1824",6037120300,6093,1
"1825",6037267901,6093,2
"1826",6037702300,6093,1
"1827",6037703003,6093,18
"1828",6083002211,6093,1
"1829",6037120300,6095,3
"1830",6037135116,6095,6
"1831",6037207711,6095,60
"1832",6037214000,6095,5
"1833",6037216302,6095,8
"1834",6037224010,6095,6
"1835",6037224020,6095,9
"1836",6037265204,6095,2
"1837",6037267700,6095,4
"1838",6037267901,6095,68
"1839",6037311601,6095,22
"1840",6037311602,6095,1
"1841",6037463900,6095,5
"1842",6037464000,6095,3
"1843",6037481606,6095,3
"1844",6037620303,6095,2
"1845",6037620802,6095,2
"1846",6037650606,6095,5
"1847",6037700801,6095,33
"1848",6037700802,6095,4
"1849",6037701000,6095,8
"1850",6037701501,6095,1
"1851",6037701602,6095,8
"1852",6037702802,6095,3
"1853",6037702900,6095,7
"1854",6037800325,6095,6
"1855",6037800337,6095,2
"1856",6037800504,6095,1
"1857",6037920328,6095,10
"1858",6037920330,6095,2
"1859",6037980013,6095,52
"1860",6059062647,6095,3
"1861",6059099232,6095,3
"1862",6083000302,6095,5
"1863",6083001404,6095,5
"1864",6083002211,6095,2
"1865",6083003001,6095,15
"1866",6111005906,6095,8
"1867",6111007000,6095,2
"1868",6037141400,6097,16
"1869",6037191810,6097,6
"1870",6037207305,6097,4
"1871",6037207711,6097,84
"1872",6037214000,6097,3
"1873",6037224020,6097,9
"1874",6037265204,6097,12
"1875",6037265301,6097,4
"1876",6037267901,6097,127
"1877",6037275313,6097,5
"1878",6037311601,6097,53
"1879",6037311602,6097,3
"1880",6037431701,6097,1
"1881",6037620303,6097,2
"1882",6037620400,6097,20
"1883",6037620802,6097,4
"1884",6037670417,6097,1
"1885",6037700801,6097,33
"1886",6037700802,6097,7
"1887",6037701501,6097,1
"1888",6037701601,6097,2
"1889",6037701802,6097,4
"1890",6037702300,6097,21
"1891",6037702900,6097,5
"1892",6037800337,6097,16
"1893",6037800504,6097,12
"1894",6037980013,6097,80
"1895",6059052513,6097,2
"1896",6079011505,6097,1
"1897",6083000302,6097,6
"1898",6083000400,6097,3
"1899",6083001404,6097,5
"1900",6083002211,6097,3
"1901",6083003001,6097,17
"1902",6111005906,6097,4
"1903",6111005907,6097,4
"1904",6037108202,6099,1
"1905",6037120300,6099,3
"1906",6037141400,6099,4
"1907",6037207305,6099,5
"1908",6037207711,6099,32
"1909",6037214000,6099,2
"1910",6037265204,6099,3
"1911",6037267700,6099,8
"1912",6037267901,6099,13
"1913",6037275313,6099,2
"1914",6037311601,6099,12
"1915",6037311602,6099,1
"1916",6037431701,6099,3
"1917",6037651101,6099,19
"1918",6037700801,6099,16
"1919",6037701000,6099,1
"1920",6037701602,6099,3
"1921",6037701802,6099,6
"1922",6037800324,6099,10
"1923",6037800337,6099,15
"1924",6037800504,6099,5
"1925",6037920328,6099,9
"1926",6037980013,6099,37
"1927",6059062647,6099,2
"1928",6079011505,6099,23
"1929",6079012505,6099,10
"1930",6083001404,6099,2
"1931",6083002211,6099,6
"1932",6083003001,6099,13
"1933",6111001510,6099,5
"1934",6111005906,6099,7
"1935",6111005907,6099,4
"1936",6111008501,6099,1
"1937",6111008502,6099,2
"1938",6037135116,6101,3
"1939",6037207305,6101,1
"1940",6037224010,6101,1
"1941",6037224020,6101,2
"1942",6037265204,6101,1
"1943",6037311601,6101,1
"1944",6037311602,6101,1
"1945",6037650606,6101,1
"1946",6037700801,6101,3
"1947",6037701602,6101,1
"1948",6037800324,6101,4
"1949",6037800325,6101,2
"1950",6037980013,6101,10
"1951",6079011505,6101,2
"1952",6083003001,6101,4
"1953",6111001510,6101,1
"1954",6111005906,6101,3
"1955",6111007000,6101,1
"1956",6111008501,6101,1
"1957",6037207711,6103,3
"1958",6037214000,6103,1
"1959",6037267901,6103,1
"1960",6037311601,6103,1
"1961",6037311602,6103,1
"1962",6037701602,6103,1
"1963",6037703003,6103,15
"1964",6037800337,6103,1
"1965",6037800504,6103,3
"1966",6079011505,6103,5
"1967",6083001404,6103,1
"1968",6083002211,6103,1
"1969",6083003001,6103,1
"1970",6111001510,6103,2
"1971",6111005906,6103,2
"1972",6037703003,6105,2
"1973",6079011505,6105,2
"1974",6083000400,6105,1
"1975",6083001404,6105,1
"1976",6111005906,6105,1
"1977",6037108204,6107,9
"1978",6037119202,6107,1
"1979",6037120300,6107,4
"1980",6037135116,6107,26
"1981",6037141400,6107,8
"1982",6037207305,6107,7
"1983",6037207711,6107,39
"1984",6037212303,6107,2
"1985",6037214000,6107,5
"1986",6037216302,6107,3
"1987",6037224010,6107,5
"1988",6037224020,6107,12
"1989",6037264305,6107,1
"1990",6037265204,6107,10
"1991",6037265301,6107,7
"1992",6037267700,6107,23
"1993",6037267901,6107,25
"1994",6037275313,6107,3
"1995",6037311601,6107,9
"1996",6037431701,6107,2
"1997",6037463900,6107,3
"1998",6037464000,6107,2
"1999",6037481606,6107,1
"2000",6037620400,6107,10
"2001",6037620802,6107,2
"2002",6037650606,6107,1
"2003",6037651101,6107,33
"2004",6037670417,6107,8
"2005",6037700801,6107,18
"2006",6037700802,6107,11
"2007",6037701000,6107,6
"2008",6037701502,6107,4
"2009",6037701601,6107,1
"2010",6037701602,6107,5
"2011",6037702300,6107,3
"2012",6037702802,6107,1
"2013",6037702900,6107,10
"2014",6037703003,6107,127
"2015",6037800324,6107,12
"2016",6037800325,6107,2
"2017",6037800337,6107,18
"2018",6037800504,6107,6
"2019",6037920328,6107,14
"2020",6037920330,6107,5
"2021",6037980013,6107,46
"2022",6059062647,6107,1
"2023",6059099232,6107,2
"2024",6079011505,6107,54
"2025",6079012505,6107,30
"2026",6083000302,6107,1
"2027",6083000400,6107,6
"2028",6083001404,6107,5
"2029",6083002211,6107,11
"2030",6083003001,6107,82
"2031",6111001510,6107,7
"2032",6111005906,6107,18
"2033",6111005907,6107,6
"2034",6111006600,6107,1
"2035",6111007000,6107,3
"2036",6111008501,6107,5
"2037",6111008502,6107,17
"2038",6037135116,6109,1
"2039",6037207711,6109,4
"2040",6037216302,6109,4
"2041",6037265301,6109,1
"2042",6037463900,6109,1
"2043",6037651101,6109,1
"2044",6037700801,6109,2
"2045",6037701602,6109,1
"2046",6037702300,6109,1
"2047",6037800324,6109,3
"2048",6037800337,6109,1
"2049",6037800504,6109,1
"2050",6037980013,6109,5
"2051",6079011505,6109,8
"2052",6079012505,6109,1
"2053",6083000302,6109,1
"2054",6083002211,6109,1
"2055",6083003001,6109,3
"2056",6111005907,6109,1
"2057",6111008502,6109,1
"2058",6037108202,6111,21
"2059",6037108204,6111,144
"2060",6037119202,6111,10
"2061",6037120300,6111,98
"2062",6037134422,6111,362
"2063",6037135116,6111,968
"2064",6037141400,6111,366
"2065",6037143200,6111,28
"2066",6037191810,6111,71
"2067",6037207305,6111,115
"2068",6037207711,6111,622
"2069",6037212303,6111,26
"2070",6037214000,6111,50
"2071",6037216302,6111,151
"2072",6037219901,6111,6
"2073",6037224010,6111,190
"2074",6037224020,6111,80
"2075",6037264305,6111,29
"2076",6037265204,6111,134
"2077",6037265301,6111,204
"2078",6037265307,6111,16
"2079",6037267300,6111,24
"2080",6037267700,6111,166
"2081",6037267901,6111,1141
"2082",6037269000,6111,24
"2083",6037271600,6111,20
"2084",6037275313,6111,62
"2085",6037311601,6111,807
"2086",6037311602,6111,114
"2087",6037431701,6111,34
"2088",6037461700,6111,31
"2089",6037463900,6111,75
"2090",6037464000,6111,134
"2091",6037481606,6111,19
"2092",6037620303,6111,17
"2093",6037620400,6111,248
"2094",6037620802,6111,23
"2095",6037621201,6111,35
"2096",6037650606,6111,159
"2097",6037651101,6111,405
"2098",6037670417,6111,73
"2099",6037700801,6111,537
"2100",6037700802,6111,106
"2101",6037701000,6111,188
"2102",6037701501,6111,59
"2103",6037701502,6111,62
"2104",6037701601,6111,72
"2105",6037701602,6111,134
"2106",6037701701,6111,150
"2107",6037701802,6111,84
"2108",6037702300,6111,213
"2109",6037702802,6111,25
"2110",6037702900,6111,108
"2111",6037703003,6111,1611
"2112",6037800324,6111,1491
"2113",6037800325,6111,663
"2114",6037800337,6111,1498
"2115",6037800504,6111,591
"2116",6037920328,6111,237
"2117",6037920330,6111,305
"2118",6037980013,6111,1387
"2119",6059052513,6111,20
"2120",6059062647,6111,46
"2121",6059099232,6111,36
"2122",6079011505,6111,95
"2123",6079012505,6111,12
"2124",6083000302,6111,560
"2125",6083000400,6111,163
"2126",6083001404,6111,267
"2127",6083002211,6111,106
"2128",6083003001,6111,988
"2129",6111001510,6111,9333
"2130",6111005906,6111,3022
"2131",6111005907,6111,1298
"2132",6111006600,6111,2302
"2133",6111007000,6111,1968
"2134",6111008501,6111,399
"2135",6111008502,6111,1790
"2136",6037207305,6113,2
"2137",6037216302,6113,1
"2138",6037224010,6113,2
"2139",6037224020,6113,1
"2140",6037265204,6113,2
"2141",6037267700,6113,5
"2142",6037269000,6113,3
"2143",6037311601,6113,5
"2144",6037650606,6113,1
"2145",6037651101,6113,2
"2146",6037700801,6113,6
"2147",6037701000,6113,3
"2148",6037701602,6113,2
"2149",6037800324,6113,5
"2150",6037800325,6113,3
"2151",6037980013,6113,9
"2152",6079011505,6113,11
"2153",6083001404,6113,1
"2154",6083003001,6113,1
"2155",6111001510,6113,7
"2156",6111007000,6113,3
"2157",6111008501,6113,1
"2158",6111008502,6113,1
"2159",6037267700,6115,2
"2160",6037269000,6115,1
"2161",6037275313,6115,1
"2162",6037311601,6115,3
"2163",6037311602,6115,1
"2164",6037700801,6115,2
"2165",6037701000,6115,1
"2166",6037800324,6115,3
"2167",6037800325,6115,1
"2168",6037980013,6115,7
"2169",6059062647,6115,1
"2170",6079011505,6115,3
"2171",6083001404,6115,1
"2172",6083003001,6115,2
"2173",6111005906,6115,1
"2174",6111007000,6115,2
"2175",6037207711,8001,1
"2176",6037311601,8001,1
"2177",6037700801,8001,1
"2178",6037701701,8001,1
"2179",6037703003,8001,1
"2180",6037207711,8005,4
"2181",6037267901,8005,1
"2182",6037311601,8005,1
"2183",6037311602,8005,1
"2184",6037700801,8005,5
"2185",6037700802,8005,6
"2186",6037703003,8005,14
"2187",6111008502,8005,1
"2188",6037207711,8013,4
"2189",6037311601,8013,4
"2190",6037311602,8013,1
"2191",6037651101,8013,2
"2192",6037700801,8013,3
"2193",6037700802,8013,2
"2194",6037702900,8013,1
"2195",6083003001,8013,1
"2196",6083003001,8014,4
"2197",6037620400,8015,1
"2198",6037311601,8019,1
"2199",6037700801,8019,1
"2200",6037702900,8019,1
"2201",6037267901,8029,1
"2202",6037700801,8029,1
"2203",6037620400,8031,7
"2204",6037980013,8031,5
"2205",6037207711,8035,2
"2206",6037267901,8035,3
"2207",6037311601,8035,5
"2208",6037463900,8035,2
"2209",6037980013,8035,4
"2210",6037311601,8039,1
"2211",6037141400,8041,2
"2212",6037267901,8041,12
"2213",6037703003,8041,11
"2214",6083003001,8041,1
"2215",6037311601,8055,1
"2216",6037207711,8059,5
"2217",6037267901,8059,6
"2218",6037311601,8059,4
"2219",6037463900,8059,1
"2220",6037651101,8059,1
"2221",6037700801,8059,1
"2222",6037980013,8059,4
"2223",6037267901,8067,1
"2224",6037311602,8067,1
"2225",6079011505,8067,1
"2226",6037700801,8069,5
"2227",6037703003,8069,7
"2228",6037267901,8075,1
"2229",6037700801,8075,1
"2230",6037207711,8077,1
"2231",6037267901,8077,1
"2232",6037703003,8081,1
"2233",6037311602,8083,1
"2234",6037267901,8085,1
"2235",6037311601,8085,1
"2236",6037267901,8087,2
"2237",6037311601,8089,1
"2238",6111001510,8101,1
"2239",6037620400,8117,1
"2240",6111001510,8117,1
"2241",6037700801,8123,7
"2242",6037703003,8123,3
"2243",6037701701,9110,1
"2244",6037800337,9110,1
"2245",6079011505,9110,1
"2246",6037311601,9120,2
"2247",6037702300,9120,1
"2248",6037980013,9120,6
"2249",6037267901,9130,1
"2250",6037135116,9140,1
"2251",6037207711,9140,1
"2252",6037311601,9140,1
"2253",6037700801,9140,1
"2254",6083003001,9140,1
"2255",6037700801,9160,1
"2256",6037701701,9160,1
"2257",6037267901,9170,5
"2258",6037700801,9170,2
"2259",6037702802,9170,1
"2260",6037980013,9170,1
"2261",6037207711,9190,2
"2262",6037224010,9190,1
"2263",6037311601,9190,10
"2264",6037700801,9190,2
"2265",6037701501,9190,2
"2266",6037701802,9190,2
"2267",6037702300,9190,2
"2268",6037980013,9190,5
"2269",6037214000,10003,2
"2270",6037651101,11001,4
"2271",6037700802,11001,2
"2272",6083000400,11001,1
"2273",6037267901,12001,1
"2274",6037311601,12001,2
"2275",6037800324,12001,3
"2276",6037267901,12003,1
"2277",6037267901,12005,2
"2278",6037980013,12007,1
"2279",6083003001,12009,5
"2280",6037207711,12011,5
"2281",6037650606,12011,1
"2282",6037700801,12011,5
"2283",6037800324,12011,2
"2284",6083003001,12011,3
"2285",6037265307,12013,1
"2286",6037267901,12015,1
"2287",6037703003,12019,4
"2288",6037141400,12021,1
"2289",6037207711,12021,1
"2290",6037701000,12021,1
"2291",6037980013,12021,1
"2292",6037267901,12023,1
"2293",6037701000,12027,1
"2294",6037620400,12031,2
"2295",6037700801,12031,3
"2296",6037703003,12031,4
"2297",6037700801,12033,1
"2298",6037980013,12033,1
"2299",6037207711,12049,1
"2300",6037141400,12051,1
"2301",6037701000,12051,1
"2302",6037980013,12051,1
"2303",6037207305,12053,1
"2304",6037267901,12053,4
"2305",6037701000,12055,2
"2306",6037267901,12057,5
"2307",6037651101,12057,4
"2308",6037701602,12057,1
"2309",6037267901,12063,1
"2310",6037267901,12067,1
"2311",6037311601,12069,4
"2312",6037267901,12071,4
"2313",6037702802,12073,1
"2314",6037267700,12081,2
"2315",6037267901,12081,8
"2316",6037800504,12081,1
"2317",6037267901,12086,11
"2318",6037620400,12086,2
"2319",6037700801,12086,4
"2320",6037980013,12086,6
"2321",6037700801,12087,1
"2322",6037701802,12089,1
"2323",6037267901,12091,2
"2324",6037267300,12095,2
"2325",6037267700,12095,1
"2326",6037701602,12095,2
"2327",6037980013,12095,4
"2328",6037980013,12097,2
"2329",6083002211,12099,1
"2330",6037267901,12101,6
"2331",6037703003,12103,10
"2332",6037701802,12109,1
"2333",6037703003,12109,4
"2334",6037980013,12113,1
"2335",6037267700,12115,2
"2336",6037267901,12115,4
"2337",6037800325,12115,1
"2338",6037311601,12117,2
"2339",6037700802,12119,1
"2340",6037267901,12131,1
"2341",6037267901,12133,1
"2342",6037311601,13015,1
"2343",6037267700,13045,1
"2344",6037311601,13045,2
"2345",6083002211,13051,1
"2346",6037207711,13057,1
"2347",6037267901,13057,4
"2348",6037800337,13057,1
"2349",6037980013,13057,2
"2350",6037311601,13067,6
"2351",6037311602,13067,2
"2352",6037702300,13067,5
"2353",6083003001,13073,1
"2354",6037267700,13077,3
"2355",6037311601,13077,1
"2356",6037311602,13077,1
"2357",6037207711,13089,6
"2358",6037311601,13089,15
"2359",6037311602,13089,3
"2360",6083003001,13089,4
"2361",6037311601,13113,2
"2362",6037207711,13115,1
"2363",6083001404,13115,1
"2364",6037265204,13117,1
"2365",6037267901,13117,2
"2366",6037800337,13117,1
"2367",6037980013,13117,2
"2368",6037108204,13119,1
"2369",6037267901,13121,23
"2370",6037651101,13121,5
"2371",6037703003,13121,62
"2372",6037980013,13121,18
"2373",6037141400,13135,2
"2374",6037207305,13135,4
"2375",6037620400,13135,5
"2376",6037701501,13135,1
"2377",6037980013,13135,5
"2378",6037135116,13139,1
"2379",6037267901,13139,1
"2380",6037800337,13139,1
"2381",6037980013,13139,3
"2382",6037311601,13147,1
"2383",6111007000,13153,1
"2384",6037108204,13157,1
"2385",6037311601,13187,1
"2386",6037207711,13213,1
"2387",6037224010,13215,1
"2388",6037267700,13223,2
"2389",6037311602,13223,2
"2390",6083003001,13285,1
"2391",6037311601,15001,5
"2392",6083003001,15001,1
"2393",6037275313,15003,4
"2394",6037311601,15003,8
"2395",6037701802,15003,1
"2396",6037800325,15003,1
"2397",6083002211,15003,2
"2398",6083003001,15003,4
"2399",6037311601,15009,6
"2400",6083002211,16001,2
"2401",6111001510,16005,1
"2402",6037701602,16017,1
"2403",6037311601,16019,1
"2404",6037311602,16019,1
"2405",6111005907,16019,2
"2406",6111005907,16037,1
"2407",6037701602,16049,1
"2408",6111005907,16049,1
"2409",6037311602,16051,1
"2410",6083003001,16053,1
"2411",6037311601,16055,3
"2412",6037311602,16057,1
"2413",6037311602,16061,1
"2414",6111001510,16067,1
"2415",6037311601,16069,1
"2416",6083003001,16077,1
"2417",6111001510,16083,1
"2418",6037267901,17011,1
"2419",6037265301,17019,1
"2420",6037651101,17019,2
"2421",6037207711,17031,6
"2422",6037212303,17031,1
"2423",6037267901,17031,2
"2424",6037311601,17031,5
"2425",6037700801,17031,3
"2426",6037701000,17031,1
"2427",6037703003,17031,31
"2428",6037980013,17031,7
"2429",6083001404,17031,1
"2430",6083003001,17031,1
"2431",6111005906,17031,4
"2432",6037207711,17043,2
"2433",6037267901,17043,4
"2434",6037703003,17043,10
"2435",6037224010,17055,1
"2436",6037135116,17089,1
"2437",6037651101,17089,2
"2438",6037207711,17091,1
"2439",6037207711,17095,1
"2440",6037651101,17095,2
"2441",6037800337,17095,1
"2442",6083003001,17097,1
"2443",6037800337,17105,1
"2444",6037651101,17111,2
"2445",6079011505,17111,1
"2446",6037980013,17119,1
"2447",6037980013,17163,3
"2448",6083003001,17163,1
"2449",6037651101,17183,1
"2450",6037980013,18005,1
"2451",6037651101,18019,1
"2452",6037207711,18057,2
"2453",6037621201,18087,1
"2454",6037701000,18089,1
"2455",6083000400,18089,1
"2456",6037207711,18095,1
"2457",6037700801,18097,1
"2458",6079011505,18097,2
"2459",6037224020,18127,1
"2460",6079011505,18141,1
"2461",6037700801,18157,2
"2462",6037702300,19013,1
"2463",6037702300,19021,1
"2464",6037620400,19035,1
"2465",6037702900,19045,1
"2466",6037621201,19103,1
"2467",6037267901,19153,6
"2468",6037651101,19153,2
"2469",6037700801,19153,1
"2470",6037700802,19153,3
"2471",6037980013,19153,1
"2472",6037267901,19169,2
"2473",6037267901,19181,1
"2474",6037702900,19183,1
"2475",6037271600,19193,1
"2476",6079011505,19197,1
"2477",6037267901,20005,1
"2478",6037651101,20079,1
"2479",6037980013,20091,7
"2480",6037216302,20103,1
"2481",6037267901,20103,2
"2482",6083003001,20103,2
"2483",6111008502,20103,1
"2484",6037267901,20169,1
"2485",6037620400,20169,1
"2486",6037651101,20173,1
"2487",6037980013,20173,1
"2488",6037267901,20177,1
"2489",6037267901,20209,2
"2490",6037207711,21009,1
"2491",6037980013,21017,1
"2492",6037207711,21047,2
"2493",6037311601,21049,1
"2494",6037311601,21065,1
"2495",6037311601,21067,1
"2496",6037264305,21073,1
"2497",6037703003,21111,20
"2498",6079011505,21111,1
"2499",6037191810,21117,1
"2500",6037980013,21151,1
"2501",6037191810,21153,1
"2502",6037264305,21207,1
"2503",6037267901,22015,1
"2504",6037703003,22015,1
"2505",6037980013,22015,2
"2506",6037267901,22017,2
"2507",6037703003,22017,8
"2508",6037980013,22017,1
"2509",6037267300,22019,1
"2510",6037464000,22019,1
"2511",6037620802,22019,1
"2512",6037703003,22031,2
"2513",6037980013,22033,1
"2514",6083001404,22033,1
"2515",6111006600,22045,1
"2516",6111006600,22047,1
"2517",6037212303,22051,1
"2518",6037267901,22051,10
"2519",6037700801,22051,3
"2520",6037703003,22051,10
"2521",6037119202,22055,1
"2522",6111006600,22057,1
"2523",6037267901,22061,1
"2524",6037703003,22061,1
"2525",6037980013,22061,1
"2526",6037267300,22079,1
"2527",6037703003,22085,1
"2528",6079012505,24001,1
"2529",6037265204,24003,1
"2530",6037135116,24005,1
"2531",6037461700,24017,1
"2532",6037207711,24031,7
"2533",6037216302,24031,2
"2534",6037267700,24031,4
"2535",6037267901,24031,10
"2536",6037311601,24031,6
"2537",6037700801,24031,4
"2538",6037701000,24031,3
"2539",6111008501,24031,1
"2540",6111008502,24031,2
"2541",6037461700,24033,1
"2542",6037670417,24033,1
"2543",6037700801,24033,2
"2544",6037265204,24041,1
"2545",6037620400,24041,1
"2546",6037800504,24045,1
"2547",6037311601,24510,2
"2548",6037463900,24510,2
"2549",6037311601,25001,2
"2550",6037701602,25001,1
"2551",6037207711,25009,2
"2552",6037980013,25009,2
"2553",6037701701,25013,1
"2554",6111008502,25015,1
"2555",6037141400,25017,1
"2556",6037214000,25017,1
"2557",6037265301,25017,2
"2558",6037651101,25017,1
"2559",6037700801,25017,4
"2560",6037980013,25017,2
"2561",6111008502,25017,1
"2562",6037135116,25021,2
"2563",6037265301,25021,3
"2564",6037703003,25021,9
"2565",6037700801,25025,2
"2566",6037703003,25025,12
"2567",6079011505,26009,1
"2568",6037651101,26021,1
"2569",6037703003,26021,2
"2570",6037980013,26035,1
"2571",6037651101,26077,1
"2572",6037703003,26077,5
"2573",6037651101,26081,1
"2574",6083000400,26081,1
"2575",6037670417,26091,1
"2576",6037207711,26099,4
"2577",6037219901,26099,1
"2578",6037431701,26099,1
"2579",6037701701,26099,1
"2580",6111006600,26099,1
"2581",6037980013,26105,1
"2582",6083001404,26111,1
"2583",6079011505,26113,1
"2584",6037701000,26115,1
"2585",6037141400,26125,4
"2586",6037191810,26125,2
"2587",6037267901,26125,7
"2588",6037311601,26125,5
"2589",6037700801,26125,8
"2590",6037191810,26157,1
"2591",6037703003,26159,1
"2592",6037135116,26161,1
"2593",6037265307,26161,1
"2594",6037651101,26163,1
"2595",6037670417,26163,1
"2596",6037701000,26163,3
"2597",6037702300,26163,1
"2598",6037800337,26163,1
"2599",6059052513,26163,1
"2600",6083000302,26165,1
"2601",6037207305,27007,1
"2602",6037800324,27037,1
"2603",6037311601,27049,1
"2604",6037980013,27049,1
"2605",6037134422,27053,2
"2606",6037216302,27053,3
"2607",6037267901,27053,7
"2608",6037311601,27053,4
"2609",6037702900,27053,2
"2610",6037207305,27061,1
"2611",6037670417,27061,1
"2612",6037980013,27067,1
"2613",6037311601,27079,1
"2614",6037980013,27079,1
"2615",6037311601,27085,1
"2616",6037980013,27085,2
"2617",6111008502,27109,1
"2618",6037800337,27113,1
"2619",6037207305,27137,2
"2620",6079012505,27141,2
"2621",6037267700,27163,2
"2622",6037701000,27163,1
"2623",6037207711,27171,1
"2624",6037311601,27171,1
"2625",6037212303,28033,3
"2626",6037920330,28049,1
"2627",6083003001,28049,1
"2628",6037703003,29009,2
"2629",6037703003,29011,1
"2630",6037980013,29019,2
"2631",6037700802,29021,1
"2632",6037980013,29051,1
"2633",6037703003,29065,1
"2634",6037703003,29071,1
"2635",6037703003,29077,5
"2636",6037207305,29095,1
"2637",6037207711,29095,2
"2638",6037700802,29095,1
"2639",6037703003,29097,3
"2640",6037703003,29099,3
"2641",6111001510,29099,1
"2642",6037703003,29105,1
"2643",6037980013,29135,1
"2644",6037703003,29141,1
"2645",6037703003,29169,1
"2646",6079012505,29169,1
"2647",6083003001,29173,1
"2648",6037703003,29183,6
"2649",6111001510,29183,2
"2650",6037267901,29189,1
"2651",6037703003,29189,10
"2652",6079012505,29189,1
"2653",6037703003,29209,1
"2654",6037703003,29213,2
"2655",6037703003,29219,1
"2656",6037311601,29221,1
"2657",6037703003,29225,4
"2658",6037703003,29510,4
"2659",6037700802,30029,1
"2660",6037980013,30031,1
"2661",6037980013,30047,2
"2662",6037700802,30057,1
"2663",6037700802,30063,2
"2664",6037980013,30063,1
"2665",6037700802,30081,1
"2666",6037700802,30093,1
"2667",6037265301,31055,1
"2668",6037135116,31109,1
"2669",6037135116,31119,1
"2670",6037135116,31147,1
"2671",6037700802,32001,1
"2672",6037135116,32003,5
"2673",6037141400,32003,16
"2674",6037207305,32003,7
"2675",6037207711,32003,38
"2676",6037214000,32003,1
"2677",6037216302,32003,9
"2678",6037224010,32003,8
"2679",6037224020,32003,5
"2680",6037264305,32003,2
"2681",6037265204,32003,4
"2682",6037265301,32003,7
"2683",6037267700,32003,15
"2684",6037267901,32003,41
"2685",6037275313,32003,5
"2686",6037311601,32003,98
"2687",6037311602,32003,7
"2688",6037481606,32003,2
"2689",6037620400,32003,7
"2690",6037650606,32003,6
"2691",6037651101,32003,16
"2692",6037700801,32003,19
"2693",6037700802,32003,22
"2694",6037701000,32003,9
"2695",6037701601,32003,1
"2696",6037701602,32003,2
"2697",6037701701,32003,1
"2698",6037702300,32003,10
"2699",6037702900,32003,5
"2700",6037703003,32003,176
"2701",6037800324,32003,1
"2702",6037920330,32003,2
"2703",6037980013,32003,45
"2704",6059062647,32003,7
"2705",6059099232,32003,1
"2706",6079011505,32003,6
"2707",6083002211,32003,1
"2708",6083003001,32003,15
"2709",6111001510,32003,5
"2710",6111005906,32003,13
"2711",6111007000,32003,1
"2712",6111008502,32003,6
"2713",6037207305,32005,1
"2714",6037267901,32005,3
"2715",6037651101,32005,1
"2716",6037700801,32005,1
"2717",6083003001,32005,1
"2718",6037207711,32007,1
"2719",6037267700,32007,1
"2720",6037267901,32007,1
"2721",6037651101,32007,1
"2722",6037700802,32007,1
"2723",6037207305,32013,1
"2724",6037980013,32013,1
"2725",6083003001,32013,2
"2726",6037207305,32019,1
"2727",6037265307,32019,1
"2728",6037267901,32019,1
"2729",6037311601,32019,4
"2730",6037700801,32019,3
"2731",6037980013,32019,2
"2732",6083003001,32019,1
"2733",6037267901,32023,1
"2734",6037311601,32023,1
"2735",6037700801,32023,1
"2736",6037980013,32023,1
"2737",6083000302,32023,1
"2738",6037311601,32027,1
"2739",6037207711,32031,2
"2740",6037267700,32031,3
"2741",6037267901,32031,12
"2742",6037311601,32031,11
"2743",6037311602,32031,1
"2744",6037700801,32031,2
"2745",6037700802,32031,3
"2746",6037702900,32031,2
"2747",6037920330,32031,2
"2748",6037980013,32031,9
"2749",6083000302,32031,1
"2750",6083003001,32031,2
"2751",6037207711,32510,1
"2752",6037311601,32510,2
"2753",6037651101,32510,1
"2754",6037980013,32510,1
"2755",6037207711,33001,1
"2756",6037311601,33001,1
"2757",6083000302,33001,1
"2758",6037311601,33005,1
"2759",6037267901,33007,1
"2760",6037207711,33009,1
"2761",6037267901,33009,1
"2762",6037311601,33009,1
"2763",6037207711,33011,1
"2764",6037311601,33011,2
"2765",6037267901,33013,1
"2766",6037311601,33013,1
"2767",6037651101,33015,1
"2768",6083000302,33019,1
"2769",6037700802,34001,1
"2770",6037143200,34003,1
"2771",6037311601,34003,6
"2772",6037311602,34003,1
"2773",6037700802,34003,1
"2774",6037980013,34003,3
"2775",6037980013,34005,1
"2776",6037700801,34007,4
"2777",6037267901,34013,16
"2778",6037701602,34013,1
"2779",6083002211,34015,1
"2780",6037265307,34017,1
"2781",6037267901,34019,1
"2782",6037703003,34021,8
"2783",6037980013,34021,4
"2784",6037703003,34023,4
"2785",6037980013,34023,3
"2786",6037267901,34027,1
"2787",6037650606,34027,1
"2788",6037703003,34027,6
"2789",6037267300,34029,2
"2790",6037267901,34029,3
"2791",6037275313,34029,1
"2792",6037651101,34029,1
"2793",6037702300,34029,2
"2794",6037980013,34029,2
"2795",6037702300,34031,1
"2796",6037207711,34035,3
"2797",6037267901,34035,2
"2798",6037267901,34037,1
"2799",6037207711,34039,5
"2800",6037267300,34039,2
"2801",6037700801,34039,2
"2802",6037267901,34041,2
"2803",6037703003,34041,2
"2804",6037701602,35001,1
"2805",6037700801,35005,1
"2806",6037703003,35006,5
"2807",6037700801,35013,1
"2808",6111001510,35025,1
"2809",6037703003,35028,2
"2810",6037703003,35031,3
"2811",6037700801,35035,1
"2812",6037265301,35043,2
"2813",6037703003,35043,22
"2814",6037703003,35049,19
"2815",6037703003,35061,5
"2816",6037980013,35061,1
"2817",6037620400,36005,1
"2818",6037700801,36005,1
"2819",6037703003,36005,10
"2820",6037703003,36007,4
"2821",6083002211,36007,1
"2822",6037703003,36017,2
"2823",6037650606,36021,1
"2824",6037703003,36023,1
"2825",6037703003,36027,8
"2826",6037207305,36047,3
"2827",6037207711,36047,2
"2828",6037265301,36047,1
"2829",6037267901,36047,1
"2830",6037311601,36047,9
"2831",6037800337,36047,1
"2832",6037920330,36047,1
"2833",6037980013,36047,2
"2834",6111005906,36047,2
"2835",6037267901,36055,1
"2836",6037651101,36055,1
"2837",6037703003,36057,1
"2838",6037216302,36059,2
"2839",6037267901,36059,10
"2840",6037980013,36059,2
"2841",6111008502,36059,1
"2842",6037207305,36061,4
"2843",6037207711,36061,14
"2844",6037214000,36061,2
"2845",6037216302,36061,4
"2846",6037265301,36061,3
"2847",6037267901,36061,184
"2848",6037311601,36061,184
"2849",6037311602,36061,8
"2850",6037651101,36061,6
"2851",6037700801,36061,45
"2852",6037701701,36061,2
"2853",6037702300,36061,9
"2854",6037702900,36061,2
"2855",6037703003,36061,427
"2856",6037800504,36061,1
"2857",6037980013,36061,7
"2858",6111008502,36061,1
"2859",6037311601,36065,1
"2860",6037703003,36065,3
"2861",6037267901,36069,1
"2862",6037650606,36071,1
"2863",6037216302,36079,1
"2864",6037703003,36079,6
"2865",6037267901,36081,22
"2866",6037703003,36081,5
"2867",6037207711,36083,1
"2868",6037481606,36087,1
"2869",6037207711,36091,1
"2870",6037703003,36091,2
"2871",6037207711,36093,1
"2872",6037703003,36099,1
"2873",6037265301,36103,3
"2874",6037267901,36103,7
"2875",6037311601,36103,1
"2876",6037651101,36103,3
"2877",6079011505,36103,2
"2878",6037703003,36107,1
"2879",6037311601,36113,1
"2880",6037703003,36115,1
"2881",6037207711,36119,3
"2882",6037267901,36119,15
"2883",6037703003,36119,14
"2884",6037267901,36121,1
"2885",6037703003,37009,1
"2886",6037703003,37021,3
"2887",6037141400,37025,1
"2888",6037980013,37025,2
"2889",6079011505,37025,2
"2890",6037214000,37031,2
"2891",6037980013,37031,1
"2892",6037703003,37039,1
"2893",6037267901,37047,2
"2894",6037920328,37051,1
"2895",6083003001,37063,2
"2896",6037651101,37067,1
"2897",6079011505,37071,1
"2898",6037670417,37073,1
"2899",6037703003,37075,1
"2900",6037135116,37081,1
"2901",6037651101,37081,1
"2902",6037980013,37083,1
"2903",6037265301,37085,1
"2904",6037703003,37089,2
"2905",6079011505,37097,1
"2906",6037703003,37099,1
"2907",6111006600,37105,1
"2908",6083003001,37111,1
"2909",6037703003,37113,2
"2910",6037703003,37115,1
"2911",6037135116,37119,2
"2912",6037703003,37119,32
"2913",6037980013,37125,1
"2914",6037267901,37129,2
"2915",6037267901,37133,2
"2916",6037980013,37139,1
"2917",6037980013,37155,1
"2918",6037702300,37159,1
"2919",6037980013,37165,1
"2920",6037703003,37171,1
"2921",6037214000,37177,1
"2922",6111006600,37181,1
"2923",6037134422,37183,3
"2924",6037216302,37183,1
"2925",6037701601,37183,1
"2926",6111001510,37183,3
"2927",6083003001,37191,1
"2928",6037703003,37193,2
"2929",6037800337,38017,3
"2930",6083002211,39001,1
"2931",6111005906,39017,1
"2932",6037265307,39029,1
"2933",6037980013,39035,3
"2934",6083000400,39035,1
"2935",6083001404,39035,1
"2936",6037267700,39041,1
"2937",6037224020,39049,3
"2938",6037700801,39049,1
"2939",6083003001,39049,1
"2940",6037265307,39081,1
"2941",6037670417,39087,1
"2942",6037267700,39089,1
"2943",6037267901,39093,1
"2944",6083000400,39095,1
"2945",6037267700,39097,1
"2946",6037800337,39099,1
"2947",6037267901,39103,1
"2948",6037800324,39153,1
"2949",6037207711,39155,2
"2950",6111005906,39165,1
"2951",6111008502,39165,1
"2952",6037207711,40083,1
"2953",6083003001,40101,1
"2954",6037207711,40109,1
"2955",6037702900,40109,3
"2956",6037920330,40109,1
"2957",6037267901,40113,1
"2958",6037670417,40119,1
"2959",6037207711,40125,1
"2960",6083003001,40127,1
"2961",6037267901,40131,2
"2962",6037311601,40131,1
"2963",6037703003,40131,1
"2964",6037267901,40143,5
"2965",6037311601,40143,5
"2966",6037311602,40143,2
"2967",6037703003,40143,10
"2968",6111001510,40143,1
"2969",6037267901,40145,1
"2970",6037311601,40145,1
"2971",6037311602,40145,1
"2972",6037703003,40145,2
"2973",6111008502,40145,1
"2974",6037311601,41003,1
"2975",6079011505,41005,1
"2976",6037207305,41011,1
"2977",6037311601,41011,3
"2978",6083003001,41011,1
"2979",6037311601,41019,4
"2980",6037311602,41019,1
"2981",6083003001,41019,3
"2982",6037207305,41029,3
"2983",6037207711,41029,1
"2984",6037275313,41029,1
"2985",6037311601,41029,3
"2986",6037311602,41029,1
"2987",6037651101,41029,1
"2988",6083003001,41029,1
"2989",6037207305,41033,2
"2990",6037207711,41033,1
"2991",6037311601,41033,3
"2992",6037651101,41033,1
"2993",6083003001,41033,2
"2994",6037311601,41039,1
"2995",6037800337,41039,3
"2996",6083002211,41039,1
"2997",6037207711,41041,1
"2998",6037207711,41043,1
"2999",6037461700,41047,1
"3000",6037700801,41047,5
"3001",6037311601,41051,28
"3002",6037311602,41051,2
"3003",6037620400,41051,1
"3004",6079011505,41051,3
"3005",6111001510,41051,2
"3006",6037265204,41067,3
"3007",6037267901,41067,3
"3008",6083002211,41067,1
"3009",6037700801,41071,3
"3010",6037267901,42003,3
"3011",6037980013,42003,4
"3012",6079012505,42003,1
"3013",6037651101,42007,1
"3014",6037703003,42009,1
"3015",6037651101,42017,2
"3016",6037920330,42017,1
"3017",6037980013,42017,6
"3018",6037700801,42029,6
"3019",6037980013,42029,3
"3020",6037224020,42041,1
"3021",6079011505,42041,1
"3022",6037651101,42045,2
"3023",6037311601,42051,1
"3024",6037701000,42071,1
"3025",6037265204,42073,1
"3026",6079011505,42075,1
"3027",6037700802,42077,2
"3028",6037703003,42079,4
"3029",6037311601,42081,1
"3030",6037311601,42089,4
"3031",6037207711,42091,3
"3032",6083001404,42091,2
"3033",6037700802,42095,2
"3034",6037224020,42101,4
"3035",6037275313,42101,1
"3036",6037701701,42101,3
"3037",6037703003,42101,4
"3038",6037267901,42125,2
"3039",6037481606,42125,1
"3040",6037311601,42129,1
"3041",6111001510,42129,1
"3042",6037464000,45013,1
"3043",6037700801,45013,1
"3044",6037267901,45015,2
"3045",6037651101,45015,2
"3046",6037703003,45015,4
"3047",6037267901,45019,9
"3048",6037651101,45019,2
"3049",6037703003,45019,12
"3050",6111005906,45031,1
"3051",6037214000,45035,1
"3052",6037265204,45041,1
"3053",6037265204,45045,1
"3054",6037463900,45045,1
"3055",6037265204,45051,1
"3056",6083003001,45051,1
"3057",6037267901,45063,4
"3058",6037141400,45071,1
"3059",6037207711,45071,1
"3060",6037265301,45071,1
"3061",6037265204,45077,1
"3062",6037267901,45079,2
"3063",6037207711,45083,2
"3064",6037212303,45083,1
"3065",6037701601,45085,1
"3066",6037207711,45091,1
"3067",6037703003,46005,1
"3068",6037700801,46011,1
"3069",6037703003,46011,2
"3070",6037700801,46029,1
"3071",6037703003,46029,1
"3072",6037703003,46057,1
"3073",6037703003,46065,1
"3074",6037700801,46077,1
"3075",6037135116,46081,1
"3076",6037703003,46083,1
"3077",6037651101,46099,2
"3078",6037703003,46099,5
"3079",6037267700,46103,1
"3080",6037651101,46103,1
"3081",6037800504,46103,1
"3082",6037651101,46109,1
"3083",6037267700,47043,1
"3084",6037703003,47073,1
"3085",6037224020,47089,1
"3086",6037700802,47093,4
"3087",6037267700,47125,1
"3088",6037224020,47145,1
"3089",6037267700,47147,2
"3090",6037703003,47157,6
"3091",6037703003,47163,2
"3092",6037267700,47165,2
"3093",6037703003,47179,2
"3094",6079011505,48003,1
"3095",6037141400,48029,1
"3096",6037265301,48029,1
"3097",6037620400,48029,2
"3098",6037700801,48029,13
"3099",6037700802,48029,5
"3100",6037703003,48029,13
"3101",6037800504,48029,5
"3102",6083003001,48029,14
"3103",6037703003,48039,3
"3104",6037980013,48039,1
"3105",6083002211,48039,2
"3106",6037267700,48041,1
"3107",6037311602,48041,1
"3108",6037700801,48041,1
"3109",6037703003,48041,1
"3110",6037311601,48051,1
"3111",6037800324,48061,2
"3112",6037980013,48061,6
"3113",6037207305,48071,1
"3114",6037224010,48085,3
"3115",6037701000,48085,6
"3116",6111005907,48085,2
"3117",6111008501,48085,2
"3118",6037207305,48113,2
"3119",6037207711,48113,8
"3120",6037224010,48113,2
"3121",6037267700,48113,4
"3122",6037267901,48113,12
"3123",6037464000,48113,2
"3124",6037481606,48113,4
"3125",6037650606,48113,1
"3126",6037651101,48113,12
"3127",6037700801,48113,6
"3128",6037700802,48113,9
"3129",6037703003,48113,26
"3130",6079011505,48113,3
"3131",6037108204,48121,3
"3132",6037311601,48121,6
"3133",6037464000,48121,1
"3134",6037700801,48121,8
"3135",6037207305,48127,1
"3136",6037464000,48135,2
"3137",6037701602,48135,1
"3138",6037700801,48139,1
"3139",6037701000,48139,1
"3140",6037980013,48139,1
"3141",6111001510,48139,1
"3142",6037135116,48141,3
"3143",6037207711,48141,2
"3144",6037224020,48141,2
"3145",6037620400,48141,1
"3146",6037703003,48141,10
"3147",6079012505,48141,1
"3148",6111005906,48141,1
"3149",6111008501,48141,1
"3150",6111008502,48141,2
"3151",6037703003,48145,1
"3152",6083003001,48147,1
"3153",6037207711,48157,3
"3154",6037651101,48157,2
"3155",6037670417,48157,2
"3156",6037703003,48157,8
"3157",6037207711,48163,1
"3158",6037700802,48167,1
"3159",6037703003,48167,6
"3160",6037980013,48167,7
"3161",6037207711,48171,1
"3162",6037703003,48183,1
"3163",6037700801,48187,2
"3164",6037267901,48189,2
"3165",6037267901,48197,1
"3166",6037207305,48201,1
"3167",6037214000,48201,2
"3168",6037224020,48201,2
"3169",6037265204,48201,3
"3170",6037267700,48201,3
"3171",6037267901,48201,2
"3172",6037275313,48201,1
"3173",6037311601,48201,16
"3174",6037651101,48201,3
"3175",6037701000,48201,2
"3176",6037701502,48201,2
"3177",6037703003,48201,11
"3178",6037800324,48201,5
"3179",6037800337,48201,2
"3180",6037980013,48201,2
"3181",6079011505,48201,1
"3182",6083001404,48201,1
"3183",6083002211,48201,2
"3184",6083003001,48201,11
"3185",6111006600,48201,1
"3186",6037703003,48203,2
"3187",6083003001,48215,4
"3188",6037703003,48217,1
"3189",6037207711,48245,3
"3190",6037700801,48245,3
"3191",6111001510,48251,1
"3192",6111001510,48257,1
"3193",6037207711,48265,1
"3194",6037267901,48287,1
"3195",6037703003,48291,1
"3196",6037267901,48303,1
"3197",6037703003,48303,2
"3198",6037311601,48309,5
"3199",6037800504,48309,2
"3200",6037700801,48321,1
"3201",6037207305,48323,1
"3202",6037207305,48325,1
"3203",6037464000,48327,1
"3204",6037701602,48329,1
"3205",6037214000,48331,1
"3206",6037267901,48331,1
"3207",6037207711,48339,6
"3208",6037461700,48339,1
"3209",6037651101,48339,2
"3210",6037703003,48339,9
"3211",6037800337,48339,3
"3212",6037311602,48349,1
"3213",6037700801,48349,2
"3214",6037143200,48355,1
"3215",6059062647,48355,1
"3216",6037207711,48361,1
"3217",6037481606,48361,1
"3218",6037700801,48361,1
"3219",6037207711,48367,1
"3220",6037650606,48367,1
"3221",6037980013,48367,1
"3222",6037703003,48395,2
"3223",6037700801,48397,1
"3224",6037701602,48399,1
"3225",6037703003,48423,2
"3226",6037980013,48427,2
"3227",6037141400,48439,8
"3228",6037191810,48439,2
"3229",6037207711,48439,1
"3230",6037267700,48439,1
"3231",6037620400,48439,1
"3232",6037650606,48439,1
"3233",6037670417,48439,2
"3234",6037700801,48439,3
"3235",6037702300,48439,4
"3236",6037980013,48439,3
"3237",6083002211,48439,4
"3238",6111007000,48439,2
"3239",6111008501,48439,2
"3240",6111008502,48439,3
"3241",6083003001,48449,2
"3242",6037311601,48453,23
"3243",6037311602,48453,2
"3244",6037620400,48453,2
"3245",6037701000,48453,1
"3246",6037800337,48453,1
"3247",6037920330,48453,1
"3248",6037207711,48463,1
"3249",6037135116,48467,1
"3250",6037700801,48469,2
"3251",6037207711,48479,3
"3252",6037700801,48481,1
"3253",6037267901,48485,1
"3254",6037267901,48491,7
"3255",6037920328,48491,1
"3256",6037701602,48495,1
"3257",6037267901,48497,1
"3258",6037703003,48499,1
"3259",6037800324,49001,1
"3260",6037216302,49003,1
"3261",6037920328,49003,1
"3262",6037141400,49005,2
"3263",6037207711,49005,1
"3264",6037980013,49005,1
"3265",6037267700,49007,1
"3266",6037134422,49011,2
"3267",6037265307,49011,1
"3268",6083000400,49011,1
"3269",6037980013,49013,1
"3270",6037980013,49015,1
"3271",6037700802,49019,1
"3272",6037800324,49021,1
"3273",6037920328,49021,1
"3274",6037980013,49021,2
"3275",6037141400,49035,1
"3276",6037207711,49035,3
"3277",6037267901,49035,29
"3278",6037464000,49035,1
"3279",6037700801,49035,4
"3280",6037701701,49035,3
"3281",6037800325,49035,4
"3282",6111007000,49035,1
"3283",6037267700,49037,1
"3284",6037141400,49043,1
"3285",6037207711,49043,1
"3286",6037141400,49049,2
"3287",6037207711,49049,2
"3288",6037267700,49049,2
"3289",6037700802,49049,2
"3290",6037702300,49049,1
"3291",6037800324,49049,1
"3292",6037920328,49049,5
"3293",6037980013,49049,6
"3294",6111005906,49049,1
"3295",6111006600,49049,1
"3296",6037141400,49051,1
"3297",6037207711,49053,5
"3298",6037920328,49053,2
"3299",6037134422,49057,2
"3300",6037265307,49057,1
"3301",6037800504,49057,2
"3302",6037700801,50001,1
"3303",6037207711,50003,1
"3304",6037207711,50015,1
"3305",6037700801,50021,1
"3306",6037207711,50025,2
"3307",6037207711,50027,2
"3308",6037700801,51001,1
"3309",6037620400,51011,1
"3310",6037703003,51011,1
"3311",6037703003,51015,1
"3312",6037651101,51036,1
"3313",6037700801,51041,1
"3314",6083000302,51059,1
"3315",6037703003,51073,1
"3316",6037703003,51083,2
"3317",6083003001,51087,1
"3318",6037207305,51089,1
"3319",6037700802,51095,1
"3320",6083001404,51095,1
"3321",6037700801,51101,1
"3322",6037267901,51107,2
"3323",6037700801,51107,1
"3324",6037980013,51107,4
"3325",6037800325,51121,1
"3326",6083003001,51145,1
"3327",6037311601,51153,2
"3328",6037651101,51153,1
"3329",6037700801,51153,1
"3330",6083001404,51165,1
"3331",6037703003,51175,1
"3332",6037980013,51177,2
"3333",6037700801,51179,1
"3334",6037703003,51183,1
"3335",6037700801,51193,1
"3336",6037700802,51199,1
"3337",6037703003,51199,1
"3338",6037207305,51520,1
"3339",6037700802,51600,1
"3340",6037700802,51650,1
"3341",6037703003,51650,1
"3342",6037212303,51660,1
"3343",6037651101,51670,1
"3344",6037207305,51690,1
"3345",6037703003,51700,2
"3346",6083003001,51760,2
"3347",6037207711,51810,1
"3348",6037267901,51810,2
"3349",6037703003,51820,1
"3350",6037703003,51830,1
"3351",6037703003,53005,3
"3352",6037207711,53007,1
"3353",6037267901,53011,4
"3354",6037650606,53011,1
"3355",6037920328,53011,1
"3356",6037920328,53015,1
"3357",6037207711,53017,1
"3358",6037703003,53021,2
"3359",6037207711,53025,1
"3360",6037224020,53029,1
"3361",6037800337,53029,1
"3362",6037980013,53029,1
"3363",6037207711,53033,3
"3364",6037265307,53033,1
"3365",6037267901,53033,20
"3366",6037269000,53033,1
"3367",6037650606,53033,3
"3368",6037700801,53033,16
"3369",6037703003,53033,40
"3370",6079011505,53033,2
"3371",6037207711,53035,1
"3372",6037224020,53035,1
"3373",6037800337,53035,1
"3374",6037980013,53035,3
"3375",6037207711,53053,7
"3376",6111007000,53053,1
"3377",6037800337,53057,1
"3378",6037980013,53057,2
"3379",6037267901,53061,12
"3380",6037703003,53061,23
"3381",6079011505,53061,3
"3382",6037651101,53063,1
"3383",6037701602,53063,1
"3384",6111005906,53063,1
"3385",6037141400,53067,1
"3386",6037224020,53073,1
"3387",6037620802,53073,1
"3388",6037800337,53073,1
"3389",6037980013,53073,3
"3390",6037703003,53077,5
"3391",6111005906,54017,1
"3392",6037134422,54039,1
"3393",6111005906,54049,1
"3394",6111005906,54061,1
"3395",6083003001,55009,1
"3396",6037216302,55015,1
"3397",6037265301,55025,4
"3398",6037267700,55025,1
"3399",6037267901,55025,1
"3400",6037800504,55025,2
"3401",6111001510,55025,3
"3402",6111008502,55025,1
"3403",6037265301,55035,2
"3404",6037207711,55039,2
"3405",6037267901,55055,2
"3406",6037267901,55059,1
"3407",6037216302,55063,1
"3408",6037311601,55063,1
"3409",6037265301,55079,1
"3410",6037216302,55087,1
"3411",6037650606,55093,1
"3412",6037920330,55101,1
"3413",6037650606,55103,1
"3414",6059062647,55103,1
"3415",6111001510,55105,1
"3416",6037265301,55109,1
"3417",6037216302,55123,1
"3418",6037267901,55127,1
"3419",6083003001,55133,1
"3420",6037701501,55135,1
"3421",6037216302,55139,1
"3422",6037701501,55139,1
"3423",6037701802,56033,1
